route,week_of,cost_per_tonne_km,vs_own_history,vs_similar_routes,flagged,matched_note_id,reason
Ahmedabad-Mumbai,2024-01-01,2.495784199417673,+0.0% vs this route's past average,-3.3% vs similar-length routes this week,No Anomaly,,Cost parameters operate within normal variance boundaries.
Ahmedabad-Mumbai,2024-01-08,2.5722313736269795,+3.1% vs this route's past average,-3.9% vs similar-length routes this week,No Anomaly,,Cost parameters operate within normal variance boundaries.
Ahmedabad-Mumbai,2024-01-15,2.5653438871138845,+1.2% vs this route's past average,-0.4% vs similar-length routes this week,No Anomaly,,Cost parameters operate within normal variance boundaries.
Ahmedabad-Mumbai,2024-01-22,2.6695451378459447,+4.9% vs this route's past average,+1.0% vs similar-length routes this week,Yes,,No matching note found for this route or date range. Cost rise looks unexplained and worth a human review.
Ahmedabad-Mumbai,2024-01-29,2.4929285864853075,-3.2% vs this route's past average,-6.3% vs similar-length routes this week,No Anomaly,,Cost parameters operate within normal variance boundaries.
Ahmedabad-Mumbai,2024-02-05,2.5443958960521584,-0.6% vs this route's past average,-5.0% vs similar-length routes this week,No Anomaly,,Cost parameters operate within normal variance boundaries.
Ahmedabad-Mumbai,2024-02-12,2.475244921036608,-3.2% vs this route's past average,-9.3% vs similar-length routes this week,No Anomaly,,Cost parameters operate within normal variance boundaries.
Ahmedabad-Mumbai,2024-02-19,2.4752293881372758,-2.7% vs this route's past average,-8.1% vs similar-length routes this week,No Anomaly,,Cost parameters operate within normal variance boundaries.
Ahmedabad-Mumbai,2024-02-26,2.5672602877553072,+1.2% vs this route's past average,-2.5% vs similar-length routes this week,No Anomaly,,Cost parameters operate within normal variance boundaries.
Ahmedabad-Mumbai,2024-03-04,2.5223042809821674,-0.9% vs this route's past average,-2.4% vs similar-length routes this week,No Anomaly,,Cost parameters operate within normal variance boundaries.
Ahmedabad-Mumbai,2024-03-11,2.620870539208354,+3.2% vs this route's past average,-3.1% vs similar-length routes this week,No Anomaly,,Cost parameters operate within normal variance boundaries.
Ahmedabad-Mumbai,2024-03-18,2.526483478351034,-0.8% vs this route's past average,-4.4% vs similar-length routes this week,No Anomaly,,Cost parameters operate within normal variance boundaries.
Ahmedabad-Mumbai,2024-03-25,2.645671387791672,+4.7% vs this route's past average,-1.8% vs similar-length routes this week,No Anomaly,,Cost parameters operate within normal variance boundaries.
Ahmedabad-Mumbai,2024-04-01,2.5564909956508166,+0.4% vs this route's past average,-1.3% vs similar-length routes this week,No Anomaly,,Cost parameters operate within normal variance boundaries.
Ahmedabad-Mumbai,2024-04-08,2.5913201280882343,+1.7% vs this route's past average,-1.7% vs similar-length routes this week,No Anomaly,,Cost parameters operate within normal variance boundaries.
Ahmedabad-Mumbai,2024-04-15,2.4576990297985284,-4.1% vs this route's past average,-6.9% vs similar-length routes this week,No Anomaly,,Cost parameters operate within normal variance boundaries.
Ahmedabad-Mumbai,2024-04-22,2.6757852025311504,+4.5% vs this route's past average,+4.6% vs similar-length routes this week,Yes,,No matching note found for this route or date range. Cost rise looks unexplained and worth a human review.
Ahmedabad-Mumbai,2024-04-29,2.5210603611574927,-2.1% vs this route's past average,-3.6% vs similar-length routes this week,No Anomaly,,Cost parameters operate within normal variance boundaries.
Ahmedabad-Mumbai,2024-05-06,2.5989451443532863,+1.0% vs this route's past average,-0.4% vs similar-length routes this week,No Anomaly,,Cost parameters operate within normal variance boundaries.
Ahmedabad-Mumbai,2024-05-13,2.654075523680244,+3.2% vs this route's past average,+0.5% vs similar-length routes this week,Yes,,No matching note found for this route or date range. Cost rise looks unexplained and worth a human review.
Ahmedabad-Mumbai,2024-05-20,2.57901507269848,-0.3% vs this route's past average,-4.6% vs similar-length routes this week,No Anomaly,,Cost parameters operate within normal variance boundaries.
Ahmedabad-Mumbai,2024-05-27,2.4944184648059418,-3.3% vs this route's past average,-5.9% vs similar-length routes this week,No Anomaly,,Cost parameters operate within normal variance boundaries.
Ahmedabad-Mumbai,2024-06-03,2.4828485992110574,-3.4% vs this route's past average,-6.2% vs similar-length routes this week,No Anomaly,,Cost parameters operate within normal variance boundaries.
Ahmedabad-Mumbai,2024-06-10,2.443093032971132,-4.5% vs this route's past average,-3.5% vs similar-length routes this week,No Anomaly,,Cost parameters operate within normal variance boundaries.
Ahmedabad-Mumbai,2024-06-17,2.5107676956369787,-1.8% vs this route's past average,-6.0% vs similar-length routes this week,No Anomaly,,Cost parameters operate within normal variance boundaries.
Ahmedabad-Mumbai,2024-06-24,2.6196755643942744,+3.3% vs this route's past average,-2.4% vs similar-length routes this week,No Anomaly,,Cost parameters operate within normal variance boundaries.
Ahmedabad-Mumbai,2024-07-01,2.6243786222174967,+3.0% vs this route's past average,+0.5% vs similar-length routes this week,Yes,,No matching note found for this route or date range. Cost rise looks unexplained and worth a human review.
Ahmedabad-Mumbai,2024-07-08,2.587742964349953,+1.4% vs this route's past average,-2.1% vs similar-length routes this week,No Anomaly,,Cost parameters operate within normal variance boundaries.
Ahmedabad-Mumbai,2024-07-15,2.5568859120809844,+0.6% vs this route's past average,-5.8% vs similar-length routes this week,No Anomaly,,Cost parameters operate within normal variance boundaries.
Ahmedabad-Mumbai,2024-07-22,2.524369882591796,-0.6% vs this route's past average,-4.9% vs similar-length routes this week,No Anomaly,,Cost parameters operate within normal variance boundaries.
Ahmedabad-Mumbai,2024-07-29,2.437960242487355,-4.2% vs this route's past average,-9.1% vs similar-length routes this week,No Anomaly,,Cost parameters operate within normal variance boundaries.
Ahmedabad-Mumbai,2024-08-05,2.51422723228047,-0.9% vs this route's past average,-5.2% vs similar-length routes this week,No Anomaly,,Cost parameters operate within normal variance boundaries.
Ahmedabad-Mumbai,2024-08-12,2.442096463494508,-4.1% vs this route's past average,-7.8% vs similar-length routes this week,No Anomaly,,Cost parameters operate within normal variance boundaries.
Ahmedabad-Mumbai,2024-08-19,2.6614461572050545,+4.8% vs this route's past average,-0.3% vs similar-length routes this week,No Anomaly,,Cost parameters operate within normal variance boundaries.
Ahmedabad-Mumbai,2024-08-26,2.5779351939674866,+1.3% vs this route's past average,+0.5% vs similar-length routes this week,Yes,,No matching note found for this route or date range. Cost rise looks unexplained and worth a human review.
Ahmedabad-Mumbai,2024-09-02,2.50964049116151,-1.1% vs this route's past average,-1.6% vs similar-length routes this week,No Anomaly,,Cost parameters operate within normal variance boundaries.
Ahmedabad-Mumbai,2024-09-09,2.5071945188556484,-0.8% vs this route's past average,-5.0% vs similar-length routes this week,No Anomaly,,Cost parameters operate within normal variance boundaries.
Ahmedabad-Mumbai,2024-09-16,2.5879459086833663,+2.6% vs this route's past average,-3.6% vs similar-length routes this week,No Anomaly,,Cost parameters operate within normal variance boundaries.
Ahmedabad-Mumbai,2024-09-23,2.482431163292404,-1.9% vs this route's past average,-7.5% vs similar-length routes this week,No Anomaly,,Cost parameters operate within normal variance boundaries.
Ahmedabad-Mumbai,2024-09-30,2.4886278923794034,-1.8% vs this route's past average,-6.7% vs similar-length routes this week,No Anomaly,,Cost parameters operate within normal variance boundaries.
Ahmedabad-Mumbai,2024-10-07,2.492086513725532,-1.6% vs this route's past average,-7.9% vs similar-length routes this week,No Anomaly,,Cost parameters operate within normal variance boundaries.
Ahmedabad-Mumbai,2024-10-14,2.472296969534172,-2.6% vs this route's past average,-5.8% vs similar-length routes this week,No Anomaly,,Cost parameters operate within normal variance boundaries.
Ahmedabad-Mumbai,2024-10-21,2.5550538878508284,+1.6% vs this route's past average,-5.2% vs similar-length routes this week,No Anomaly,,Cost parameters operate within normal variance boundaries.
Ahmedabad-Mumbai,2024-10-28,2.672612582109468,+6.4% vs this route's past average,+4.6% vs similar-length routes this week,Yes,,No matching note found for this route or date range. Cost rise looks unexplained and worth a human review.
Ahmedabad-Mumbai,2024-11-04,2.521688348143562,-0.4% vs this route's past average,-4.4% vs similar-length routes this week,No Anomaly,,Cost parameters operate within normal variance boundaries.
Ahmedabad-Mumbai,2024-11-11,2.584997698857649,+2.0% vs this route's past average,-3.5% vs similar-length routes this week,No Anomaly,,Cost parameters operate within normal variance boundaries.
Ahmedabad-Mumbai,2024-11-18,2.594862383316673,+2.4% vs this route's past average,-2.5% vs similar-length routes this week,No Anomaly,,Cost parameters operate within normal variance boundaries.
Ahmedabad-Mumbai,2024-11-25,2.597047159176185,+1.9% vs this route's past average,-4.0% vs similar-length routes this week,No Anomaly,,Cost parameters operate within normal variance boundaries.
Ahmedabad-Mumbai,2024-12-02,2.4966992780677093,-2.5% vs this route's past average,-5.0% vs similar-length routes this week,No Anomaly,,Cost parameters operate within normal variance boundaries.
Ahmedabad-Mumbai,2024-12-09,2.485843656148507,-3.0% vs this route's past average,-3.1% vs similar-length routes this week,No Anomaly,,Cost parameters operate within normal variance boundaries.
Ahmedabad-Mumbai,2024-12-16,2.4521279325953174,-4.3% vs this route's past average,-7.2% vs similar-length routes this week,No Anomaly,,Cost parameters operate within normal variance boundaries.
Ahmedabad-Mumbai,2024-12-23,2.6329417251666545,+3.2% vs this route's past average,-3.1% vs similar-length routes this week,No Anomaly,,Cost parameters operate within normal variance boundaries.
Ahmedabad-Mumbai,2024-12-30,2.547775311575309,+0.1% vs this route's past average,-4.9% vs similar-length routes this week,No Anomaly,,Cost parameters operate within normal variance boundaries.
Ahmedabad-Mumbai,2025-01-06,2.5134644928307885,-1.4% vs this route's past average,-4.1% vs similar-length routes this week,No Anomaly,,Cost parameters operate within normal variance boundaries.
Ahmedabad-Mumbai,2025-01-13,2.604915033401009,+2.6% vs this route's past average,-0.9% vs similar-length routes this week,No Anomaly,,Cost parameters operate within normal variance boundaries.
Ahmedabad-Mumbai,2025-01-20,3.290367187391166,+29.5% vs this route's past average,+21.8% vs similar-length routes this week,Yes,,No matching note found for this route or date range. Cost rise looks unexplained and worth a human review.
Ahmedabad-Mumbai,2025-01-27,2.4608172719573984,-6.4% vs this route's past average,-6.7% vs similar-length routes this week,No Anomaly,,Cost parameters operate within normal variance boundaries.
Ahmedabad-Mumbai,2025-02-03,2.4939837389811585,-4.9% vs this route's past average,-3.8% vs similar-length routes this week,No Anomaly,,Cost parameters operate within normal variance boundaries.
Ahmedabad-Mumbai,2025-02-10,2.4431156631736823,-6.9% vs this route's past average,-8.3% vs similar-length routes this week,No Anomaly,,Cost parameters operate within normal variance boundaries.
Ahmedabad-Mumbai,2025-02-17,2.5079321148727853,-4.4% vs this route's past average,-8.2% vs similar-length routes this week,No Anomaly,,Cost parameters operate within normal variance boundaries.
Ahmedabad-Mumbai,2025-02-24,2.5039535981510816,-4.0% vs this route's past average,-20.2% vs similar-length routes this week,No Anomaly,,Cost parameters operate within normal variance boundaries.
Ahmedabad-Mumbai,2025-03-03,2.5908570207997146,-0.4% vs this route's past average,-16.8% vs similar-length routes this week,No Anomaly,,Cost parameters operate within normal variance boundaries.
Ahmedabad-Mumbai,2025-03-10,2.637082035573631,+1.0% vs this route's past average,-15.2% vs similar-length routes this week,No Anomaly,,Cost parameters operate within normal variance boundaries.
Ahmedabad-Mumbai,2025-03-17,2.658672560775646,+1.6% vs this route's past average,-13.2% vs similar-length routes this week,No Anomaly,,Cost parameters operate within normal variance boundaries.
Ahmedabad-Mumbai,2025-03-24,2.436154377970464,-4.0% vs this route's past average,-7.4% vs similar-length routes this week,No Anomaly,,Cost parameters operate within normal variance boundaries.
Ahmedabad-Mumbai,2025-03-31,2.613904546077844,+3.2% vs this route's past average,-3.4% vs similar-length routes this week,No Anomaly,,Cost parameters operate within normal variance boundaries.
Ahmedabad-Mumbai,2025-04-07,2.4947957921086084,-2.1% vs this route's past average,-6.3% vs similar-length routes this week,No Anomaly,,Cost parameters operate within normal variance boundaries.
Ahmedabad-Mumbai,2025-04-14,2.445059188880623,-4.3% vs this route's past average,-7.1% vs similar-length routes this week,No Anomaly,,Cost parameters operate within normal variance boundaries.
Ahmedabad-Mumbai,2025-04-21,2.592997592230395,+1.8% vs this route's past average,-0.0% vs similar-length routes this week,No Anomaly,,Cost parameters operate within normal variance boundaries.
Ahmedabad-Mumbai,2025-04-28,2.65122235788476,+3.6% vs this route's past average,+0.9% vs similar-length routes this week,Yes,,No matching note found for this route or date range. Cost rise looks unexplained and worth a human review.
Ahmedabad-Mumbai,2025-05-05,2.593351211770359,+1.1% vs this route's past average,-9.0% vs similar-length routes this week,No Anomaly,,Cost parameters operate within normal variance boundaries.
Ahmedabad-Mumbai,2025-05-12,2.605234051602406,+1.7% vs this route's past average,-6.4% vs similar-length routes this week,No Anomaly,,Cost parameters operate within normal variance boundaries.
Ahmedabad-Mumbai,2025-05-19,2.6337146563758265,+3.1% vs this route's past average,-5.8% vs similar-length routes this week,No Anomaly,,Cost parameters operate within normal variance boundaries.
Ahmedabad-Mumbai,2025-05-26,2.6167675744345544,+1.5% vs this route's past average,-6.8% vs similar-length routes this week,No Anomaly,,Cost parameters operate within normal variance boundaries.
Ahmedabad-Mumbai,2025-06-02,2.6421222588736364,+2.4% vs this route's past average,-5.3% vs similar-length routes this week,No Anomaly,,Cost parameters operate within normal variance boundaries.
Ahmedabad-Mumbai,2025-06-09,2.746678892516885,+5.7% vs this route's past average,+0.0% vs similar-length routes this week,Yes,,No matching note found for this route or date range. Cost rise looks unexplained and worth a human review.
Ahmedabad-Mumbai,2025-06-16,2.811372315039829,+6.7% vs this route's past average,+0.1% vs similar-length routes this week,Yes,,No matching note found for this route or date range. Cost rise looks unexplained and worth a human review.
Ahmedabad-Mumbai,2025-06-23,2.798513326919826,+5.1% vs this route's past average,+1.3% vs similar-length routes this week,Yes,,No matching note found for this route or date range. Cost rise looks unexplained and worth a human review.
Ahmedabad-Mumbai,2025-06-30,2.7102937953032056,+1.1% vs this route's past average,-1.7% vs similar-length routes this week,No Anomaly,,Cost parameters operate within normal variance boundaries.
Ahmedabad-Mumbai,2025-07-07,2.685971182764221,-0.4% vs this route's past average,-6.7% vs similar-length routes this week,No Anomaly,,Cost parameters operate within normal variance boundaries.
Ahmedabad-Mumbai,2025-07-14,2.69073083232538,-0.6% vs this route's past average,-2.2% vs similar-length routes this week,No Anomaly,,Cost parameters operate within normal variance boundaries.
Ahmedabad-Mumbai,2025-07-21,2.7976317327229907,+3.1% vs this route's past average,-0.5% vs similar-length routes this week,No Anomaly,,Cost parameters operate within normal variance boundaries.
Ahmedabad-Mumbai,2025-07-28,2.678357343287258,-2.1% vs this route's past average,-2.2% vs similar-length routes this week,No Anomaly,,Cost parameters operate within normal variance boundaries.
Ahmedabad-Mumbai,2025-08-04,2.6689409389468324,-2.6% vs this route's past average,-4.2% vs similar-length routes this week,No Anomaly,,Cost parameters operate within normal variance boundaries.
Ahmedabad-Mumbai,2025-08-11,2.627689213371858,-3.8% vs this route's past average,-5.9% vs similar-length routes this week,No Anomaly,,Cost parameters operate within normal variance boundaries.
Ahmedabad-Mumbai,2025-08-18,2.610508637090485,-3.6% vs this route's past average,-8.5% vs similar-length routes this week,No Anomaly,,Cost parameters operate within normal variance boundaries.
Ahmedabad-Mumbai,2025-08-25,2.623613955648964,-2.2% vs this route's past average,-7.6% vs similar-length routes this week,No Anomaly,,Cost parameters operate within normal variance boundaries.
Ahmedabad-Mumbai,2025-09-01,2.713382725641261,+1.5% vs this route's past average,-1.0% vs similar-length routes this week,No Anomaly,,Cost parameters operate within normal variance boundaries.
Ahmedabad-Mumbai,2025-09-08,2.6256082859812957,-1.9% vs this route's past average,-4.9% vs similar-length routes this week,No Anomaly,,Cost parameters operate within normal variance boundaries.
Ahmedabad-Mumbai,2025-09-15,2.8014841601451,+5.0% vs this route's past average,-2.0% vs similar-length routes this week,No Anomaly,,Cost parameters operate within normal variance boundaries.
Ahmedabad-Mumbai,2025-09-22,2.6439898620320768,-0.9% vs this route's past average,-3.5% vs similar-length routes this week,No Anomaly,,Cost parameters operate within normal variance boundaries.
Ahmedabad-Mumbai,2025-09-29,2.703913440042561,+1.5% vs this route's past average,-5.5% vs similar-length routes this week,No Anomaly,,Cost parameters operate within normal variance boundaries.
Ahmedabad-Mumbai,2025-10-06,2.748357337721765,+3.0% vs this route's past average,-2.7% vs similar-length routes this week,No Anomaly,,Cost parameters operate within normal variance boundaries.
Ahmedabad-Mumbai,2025-10-13,2.720314887575653,+1.4% vs this route's past average,-1.2% vs similar-length routes this week,No Anomaly,,Cost parameters operate within normal variance boundaries.
Ahmedabad-Mumbai,2025-10-20,2.742886889824357,+1.7% vs this route's past average,+0.1% vs similar-length routes this week,Yes,,No matching note found for this route or date range. Cost rise looks unexplained and worth a human review.
Ahmedabad-Mumbai,2025-10-27,2.668882723312132,-1.6% vs this route's past average,-3.6% vs similar-length routes this week,No Anomaly,,Cost parameters operate within normal variance boundaries.
Ahmedabad-Mumbai,2025-11-03,2.7409921596553866,+1.3% vs this route's past average,-3.5% vs similar-length routes this week,No Anomaly,,Cost parameters operate within normal variance boundaries.
Ahmedabad-Mumbai,2025-11-10,2.607372428295952,-4.2% vs this route's past average,-7.4% vs similar-length routes this week,No Anomaly,,Cost parameters operate within normal variance boundaries.
Ahmedabad-Mumbai,2025-11-17,2.7477278129607905,+1.9% vs this route's past average,-1.2% vs similar-length routes this week,No Anomaly,,Cost parameters operate within normal variance boundaries.
Ahmedabad-Mumbai,2025-11-24,2.608655335969232,-3.7% vs this route's past average,-6.7% vs similar-length routes this week,No Anomaly,,Cost parameters operate within normal variance boundaries.
Ahmedabad-Mumbai,2025-12-01,2.7869759788660238,+3.3% vs this route's past average,-0.1% vs similar-length routes this week,No Anomaly,,Cost parameters operate within normal variance boundaries.
Ahmedabad-Mumbai,2025-12-08,2.797142072637693,+3.5% vs this route's past average,-1.6% vs similar-length routes this week,No Anomaly,,Cost parameters operate within normal variance boundaries.
Ahmedabad-Mumbai,2025-12-15,2.731910684807641,+0.7% vs this route's past average,-3.3% vs similar-length routes this week,No Anomaly,,Cost parameters operate within normal variance boundaries.
Ahmedabad-Mumbai,2025-12-22,2.735441133303447,+0.9% vs this route's past average,-3.4% vs similar-length routes this week,No Anomaly,,Cost parameters operate within normal variance boundaries.
Chennai-Bangalore,2024-01-01,2.688906669949324,+0.0% vs this route's past average,+7.5% vs similar-length routes this week,No Anomaly,,Cost parameters operate within normal variance boundaries.
Chennai-Bangalore,2024-01-08,2.774770369852967,+3.2% vs this route's past average,+6.9% vs similar-length routes this week,Yes,,No matching note found for this route or date range. Cost rise looks unexplained and worth a human review.
Chennai-Bangalore,2024-01-15,2.665340871565259,-2.4% vs this route's past average,+5.1% vs similar-length routes this week,No Anomaly,,Cost parameters operate within normal variance boundaries.
Chennai-Bangalore,2024-01-22,2.7777247303662485,+2.5% vs this route's past average,+5.7% vs similar-length routes this week,Yes,,No matching note found for this route or date range. Cost rise looks unexplained and worth a human review.
Chennai-Bangalore,2024-01-29,2.6897423730212298,-1.4% vs this route's past average,+6.3% vs similar-length routes this week,No Anomaly,,Cost parameters operate within normal variance boundaries.
Chennai-Bangalore,2024-02-05,2.688113534402345,-1.1% vs this route's past average,+3.2% vs similar-length routes this week,No Anomaly,,Cost parameters operate within normal variance boundaries.
Chennai-Bangalore,2024-02-12,2.77406204554416,+2.2% vs this route's past average,+6.6% vs similar-length routes this week,Yes,,No matching note found for this route or date range. Cost rise looks unexplained and worth a human review.
Chennai-Bangalore,2024-02-19,2.696484817842679,-1.0% vs this route's past average,+5.1% vs similar-length routes this week,No Anomaly,,Cost parameters operate within normal variance boundaries.
Chennai-Bangalore,2024-02-26,2.623696689755433,-3.5% vs this route's past average,+1.0% vs similar-length routes this week,No Anomaly,,Cost parameters operate within normal variance boundaries.
Chennai-Bangalore,2024-03-04,2.639839080358959,-2.6% vs this route's past average,+4.8% vs similar-length routes this week,No Anomaly,,Cost parameters operate within normal variance boundaries.
Chennai-Bangalore,2024-03-11,2.7697168172163056,+2.8% vs this route's past average,+4.7% vs similar-length routes this week,Yes,,No matching note found for this route or date range. Cost rise looks unexplained and worth a human review.
Chennai-Bangalore,2024-03-18,2.594380763266116,-4.2% vs this route's past average,+0.5% vs similar-length routes this week,No Anomaly,,Cost parameters operate within normal variance boundaries.
Chennai-Bangalore,2024-03-25,2.733085023816408,+1.8% vs this route's past average,+2.8% vs similar-length routes this week,Yes,,No matching note found for this route or date range. Cost rise looks unexplained and worth a human review.
Chennai-Bangalore,2024-04-01,2.7071448157783857,+0.6% vs this route's past average,+6.7% vs similar-length routes this week,Yes,,No matching note found for this route or date range. Cost rise looks unexplained and worth a human review.
Chennai-Bangalore,2024-04-08,2.7560416668369943,+2.4% vs this route's past average,+7.4% vs similar-length routes this week,Yes,,No matching note found for this route or date range. Cost rise looks unexplained and worth a human review.
Chennai-Bangalore,2024-04-15,2.6811542842260896,-0.3% vs this route's past average,+5.5% vs similar-length routes this week,No Anomaly,,Cost parameters operate within normal variance boundaries.
Chennai-Bangalore,2024-04-22,2.59148788100958,-3.6% vs this route's past average,-0.5% vs similar-length routes this week,No Anomaly,,Cost parameters operate within normal variance boundaries.
Chennai-Bangalore,2024-04-29,2.728648328399294,+1.7% vs this route's past average,+7.9% vs similar-length routes this week,Yes,,No matching note found for this route or date range. Cost rise looks unexplained and worth a human review.
Chennai-Bangalore,2024-05-06,2.5627365402318056,-4.9% vs this route's past average,-2.3% vs similar-length routes this week,No Anomaly,,Cost parameters operate within normal variance boundaries.
Chennai-Bangalore,2024-05-13,2.7583193483119177,+3.3% vs this route's past average,+6.1% vs similar-length routes this week,Yes,,No matching note found for this route or date range. Cost rise looks unexplained and worth a human review.
Chennai-Bangalore,2024-05-20,2.672829403020732,-0.6% vs this route's past average,+0.1% vs similar-length routes this week,No Anomaly,,Cost parameters operate within normal variance boundaries.
Chennai-Bangalore,2024-05-27,2.7255821564472646,+1.6% vs this route's past average,+7.9% vs similar-length routes this week,Yes,,No matching note found for this route or date range. Cost rise looks unexplained and worth a human review.
Chennai-Bangalore,2024-06-03,2.763078489912881,+2.9% vs this route's past average,+8.3% vs similar-length routes this week,Yes,,No matching note found for this route or date range. Cost rise looks unexplained and worth a human review.
Chennai-Bangalore,2024-06-10,2.6041881884087914,-3.0% vs this route's past average,+5.9% vs similar-length routes this week,No Anomaly,,Cost parameters operate within normal variance boundaries.
Chennai-Bangalore,2024-06-17,2.8052977771518237,+4.8% vs this route's past average,+10.1% vs similar-length routes this week,Yes,,No matching note found for this route or date range. Cost rise looks unexplained and worth a human review.
Chennai-Bangalore,2024-06-24,2.6543919931965765,-1.8% vs this route's past average,+0.1% vs similar-length routes this week,No Anomaly,,Cost parameters operate within normal variance boundaries.
Chennai-Bangalore,2024-07-01,2.7647584671186767,+2.7% vs this route's past average,+7.2% vs similar-length routes this week,Yes,,No matching note found for this route or date range. Cost rise looks unexplained and worth a human review.
Chennai-Bangalore,2024-07-08,2.6769245505848325,-1.5% vs this route's past average,+2.8% vs similar-length routes this week,No Anomaly,,Cost parameters operate within normal variance boundaries.
Chennai-Bangalore,2024-07-15,2.776951196859113,+2.5% vs this route's past average,+6.6% vs similar-length routes this week,Yes,,No matching note found for this route or date range. Cost rise looks unexplained and worth a human review.
Chennai-Bangalore,2024-07-22,2.6551424301072686,-2.4% vs this route's past average,+2.1% vs similar-length routes this week,No Anomaly,,Cost parameters operate within normal variance boundaries.
Chennai-Bangalore,2024-07-29,2.774044053995563,+2.3% vs this route's past average,+11.4% vs similar-length routes this week,Yes,,No matching note found for this route or date range. Cost rise looks unexplained and worth a human review.
Chennai-Bangalore,2024-08-05,2.618004843801685,-3.5% vs this route's past average,+0.9% vs similar-length routes this week,No Anomaly,,Cost parameters operate within normal variance boundaries.
Chennai-Bangalore,2024-08-12,2.793565130556011,+2.9% vs this route's past average,+12.0% vs similar-length routes this week,Yes,,No matching note found for this route or date range. Cost rise looks unexplained and worth a human review.
Chennai-Bangalore,2024-08-19,2.762501343193522,+1.8% vs this route's past average,+4.4% vs similar-length routes this week,Yes,,No matching note found for this route or date range. Cost rise looks unexplained and worth a human review.
Chennai-Bangalore,2024-08-26,2.671234923951584,-2.1% vs this route's past average,+5.1% vs similar-length routes this week,No Anomaly,,Cost parameters operate within normal variance boundaries.
Chennai-Bangalore,2024-09-02,2.5579690683744025,-5.8% vs this route's past average,+1.0% vs similar-length routes this week,No Anomaly,,Cost parameters operate within normal variance boundaries.
Chennai-Bangalore,2024-09-09,2.7098953114457216,+0.3% vs this route's past average,+6.7% vs similar-length routes this week,Yes,,No matching note found for this route or date range. Cost rise looks unexplained and worth a human review.
Chennai-Bangalore,2024-09-16,2.6609828252415646,-1.2% vs this route's past average,+0.8% vs similar-length routes this week,No Anomaly,,Cost parameters operate within normal variance boundaries.
Chennai-Bangalore,2024-09-23,2.630695296110548,-2.3% vs this route's past average,+0.4% vs similar-length routes this week,No Anomaly,,Cost parameters operate within normal variance boundaries.
Chennai-Bangalore,2024-09-30,2.6337765861419533,-1.6% vs this route's past average,+2.8% vs similar-length routes this week,No Anomaly,,Cost parameters operate within normal variance boundaries.
Chennai-Bangalore,2024-10-07,2.7107197686041515,+1.2% vs this route's past average,+4.7% vs similar-length routes this week,Yes,,No matching note found for this route or date range. Cost rise looks unexplained and worth a human review.
Chennai-Bangalore,2024-10-14,2.6281864327726945,-1.5% vs this route's past average,+3.3% vs similar-length routes this week,No Anomaly,,Cost parameters operate within normal variance boundaries.
Chennai-Bangalore,2024-10-21,2.7217984457396045,+2.7% vs this route's past average,+4.5% vs similar-length routes this week,Yes,,No matching note found for this route or date range. Cost rise looks unexplained and worth a human review.
Chennai-Bangalore,2024-10-28,2.599817438047263,-2.1% vs this route's past average,-0.2% vs similar-length routes this week,No Anomaly,,Cost parameters operate within normal variance boundaries.
Chennai-Bangalore,2024-11-04,2.729629979954671,+2.5% vs this route's past average,+7.4% vs similar-length routes this week,Yes,,No matching note found for this route or date range. Cost rise looks unexplained and worth a human review.
Chennai-Bangalore,2024-11-11,2.749091490542296,+3.2% vs this route's past average,+6.0% vs similar-length routes this week,Yes,,No matching note found for this route or date range. Cost rise looks unexplained and worth a human review.
Chennai-Bangalore,2024-11-18,2.7689253848307924,+3.5% vs this route's past average,+7.7% vs similar-length routes this week,Yes,,No matching note found for this route or date range. Cost rise looks unexplained and worth a human review.
Chennai-Bangalore,2024-11-25,2.758223560499289,+2.4% vs this route's past average,+5.1% vs similar-length routes this week,Yes,,No matching note found for this route or date range. Cost rise looks unexplained and worth a human review.
Chennai-Bangalore,2024-12-02,2.7328302641646225,+0.9% vs this route's past average,+8.2% vs similar-length routes this week,Yes,,No matching note found for this route or date range. Cost rise looks unexplained and worth a human review.
Chennai-Bangalore,2024-12-09,2.650101364804692,-2.2% vs this route's past average,+6.2% vs similar-length routes this week,No Anomaly,,Cost parameters operate within normal variance boundaries.
Chennai-Bangalore,2024-12-16,2.688857039390802,-0.9% vs this route's past average,+7.7% vs similar-length routes this week,No Anomaly,,Cost parameters operate within normal variance boundaries.
Chennai-Bangalore,2024-12-23,2.753071405209561,+1.6% vs this route's past average,+3.3% vs similar-length routes this week,Yes,,No matching note found for this route or date range. Cost rise looks unexplained and worth a human review.
Chennai-Bangalore,2024-12-30,2.7360701854421507,+0.3% vs this route's past average,+6.3% vs similar-length routes this week,Yes,,No matching note found for this route or date range. Cost rise looks unexplained and worth a human review.
Chennai-Bangalore,2025-01-06,2.719594692750129,-0.4% vs this route's past average,+8.2% vs similar-length routes this week,No Anomaly,,Cost parameters operate within normal variance boundaries.
Chennai-Bangalore,2025-01-13,2.565692181093666,-5.9% vs this route's past average,-2.4% vs similar-length routes this week,No Anomaly,,Cost parameters operate within normal variance boundaries.
Chennai-Bangalore,2025-01-20,2.797559250399101,+3.6% vs this route's past average,-7.8% vs similar-length routes this week,No Anomaly,,Cost parameters operate within normal variance boundaries.
Chennai-Bangalore,2025-01-27,2.7381785842683874,+1.2% vs this route's past average,+8.6% vs similar-length routes this week,Yes,,No matching note found for this route or date range. Cost rise looks unexplained and worth a human review.
Chennai-Bangalore,2025-02-03,2.6832145254115654,-0.8% vs this route's past average,+6.5% vs similar-length routes this week,No Anomaly,,Cost parameters operate within normal variance boundaries.
Chennai-Bangalore,2025-02-10,2.7193960225530875,+0.3% vs this route's past average,+7.4% vs similar-length routes this week,Yes,,No matching note found for this route or date range. Cost rise looks unexplained and worth a human review.
Chennai-Bangalore,2025-02-17,2.8429086102475187,+4.7% vs this route's past average,+10.5% vs similar-length routes this week,Yes,,No matching note found for this route or date range. Cost rise looks unexplained and worth a human review.
Chennai-Bangalore,2025-02-24,3.5828266015473207,+31.5% vs this route's past average,+37.8% vs similar-length routes this week,Yes,,No matching note found for this route or date range. Cost rise looks unexplained and worth a human review.
Chennai-Bangalore,2025-03-03,3.476189317773476,+22.8% vs this route's past average,+32.6% vs similar-length routes this week,Yes,,No matching note found for this route or date range. Cost rise looks unexplained and worth a human review.
Chennai-Bangalore,2025-03-10,3.5716665390864866,+22.1% vs this route's past average,+33.4% vs similar-length routes this week,Yes,,No matching note found for this route or date range. Cost rise looks unexplained and worth a human review.
Chennai-Bangalore,2025-03-17,3.469236786814111,+13.7% vs this route's past average,+32.9% vs similar-length routes this week,Yes,,No matching note found for this route or date range. Cost rise looks unexplained and worth a human review.
Chennai-Bangalore,2025-03-24,2.7092622198884477,-13.6% vs this route's past average,+6.5% vs similar-length routes this week,No Anomaly,,Cost parameters operate within normal variance boundaries.
Chennai-Bangalore,2025-03-31,2.7842723953457043,-11.1% vs this route's past average,+6.0% vs similar-length routes this week,No Anomaly,,Cost parameters operate within normal variance boundaries.
Chennai-Bangalore,2025-04-07,2.739738299003243,-12.9% vs this route's past average,+8.2% vs similar-length routes this week,No Anomaly,,Cost parameters operate within normal variance boundaries.
Chennai-Bangalore,2025-04-14,2.700641296262791,-14.2% vs this route's past average,+7.9% vs similar-length routes this week,No Anomaly,,Cost parameters operate within normal variance boundaries.
Chennai-Bangalore,2025-04-21,2.5900743402437847,-17.2% vs this route's past average,-0.2% vs similar-length routes this week,No Anomaly,,Cost parameters operate within normal variance boundaries.
Chennai-Bangalore,2025-04-28,2.693538115110774,-10.4% vs this route's past average,+3.2% vs similar-length routes this week,No Anomaly,,Cost parameters operate within normal variance boundaries.
Chennai-Bangalore,2025-05-05,2.9513611028351416,+1.5% vs this route's past average,+11.2% vs similar-length routes this week,Yes,,No matching note found for this route or date range. Cost rise looks unexplained and worth a human review.
Chennai-Bangalore,2025-05-12,2.9564433945513904,+4.5% vs this route's past average,+13.1% vs similar-length routes this week,Yes,,No matching note found for this route or date range. Cost rise looks unexplained and worth a human review.
Chennai-Bangalore,2025-05-19,2.8201052147935477,+2.0% vs this route's past average,+4.9% vs similar-length routes this week,Yes,,No matching note found for this route or date range. Cost rise looks unexplained and worth a human review.
Chennai-Bangalore,2025-05-26,2.78320981185551,+0.1% vs this route's past average,+3.2% vs similar-length routes this week,Yes,,No matching note found for this route or date range. Cost rise looks unexplained and worth a human review.
Chennai-Bangalore,2025-06-02,2.9178977258330043,+5.0% vs this route's past average,+9.0% vs similar-length routes this week,Yes,,No matching note found for this route or date range. Cost rise looks unexplained and worth a human review.
Chennai-Bangalore,2025-06-09,2.847300082247845,+1.6% vs this route's past average,+4.8% vs similar-length routes this week,Yes,,No matching note found for this route or date range. Cost rise looks unexplained and worth a human review.
Chennai-Bangalore,2025-06-16,2.942321495261134,+4.3% vs this route's past average,+7.2% vs similar-length routes this week,Yes,,No matching note found for this route or date range. Cost rise looks unexplained and worth a human review.
Chennai-Bangalore,2025-06-23,2.803128027840365,-2.1% vs this route's past average,+1.0% vs similar-length routes this week,No Anomaly,,Cost parameters operate within normal variance boundaries.
Chennai-Bangalore,2025-06-30,2.7532732345996997,-4.3% vs this route's past average,+0.7% vs similar-length routes this week,No Anomaly,,Cost parameters operate within normal variance boundaries.
Chennai-Bangalore,2025-07-07,2.915411870629235,+2.2% vs this route's past average,+5.7% vs similar-length routes this week,Yes,,No matching note found for this route or date range. Cost rise looks unexplained and worth a human review.
Chennai-Bangalore,2025-07-14,2.801280585410473,-1.6% vs this route's past average,+3.6% vs similar-length routes this week,No Anomaly,,Cost parameters operate within normal variance boundaries.
Chennai-Bangalore,2025-07-21,2.939807332905987,+3.3% vs this route's past average,+6.4% vs similar-length routes this week,Yes,,No matching note found for this route or date range. Cost rise looks unexplained and worth a human review.
Chennai-Bangalore,2025-07-28,2.77026321630889,-3.3% vs this route's past average,+2.7% vs similar-length routes this week,No Anomaly,,Cost parameters operate within normal variance boundaries.
Chennai-Bangalore,2025-08-04,2.9239386930435995,+2.7% vs this route's past average,+9.4% vs similar-length routes this week,Yes,,No matching note found for this route or date range. Cost rise looks unexplained and worth a human review.
Chennai-Bangalore,2025-08-11,2.8366453953120394,-0.7% vs this route's past average,+5.3% vs similar-length routes this week,No Anomaly,,Cost parameters operate within normal variance boundaries.
Chennai-Bangalore,2025-08-18,2.857934376188354,+0.5% vs this route's past average,+4.2% vs similar-length routes this week,Yes,,No matching note found for this route or date range. Cost rise looks unexplained and worth a human review.
Chennai-Bangalore,2025-08-25,2.849755711633891,-0.0% vs this route's past average,+4.7% vs similar-length routes this week,No Anomaly,,Cost parameters operate within normal variance boundaries.
Chennai-Bangalore,2025-09-01,2.8959640413650978,+1.2% vs this route's past average,+7.9% vs similar-length routes this week,Yes,,No matching note found for this route or date range. Cost rise looks unexplained and worth a human review.
Chennai-Bangalore,2025-09-08,2.7706472790077505,-3.1% vs this route's past average,+3.7% vs similar-length routes this week,No Anomaly,,Cost parameters operate within normal variance boundaries.
Chennai-Bangalore,2025-09-15,2.974356760401666,+4.2% vs this route's past average,+6.4% vs similar-length routes this week,Yes,,No matching note found for this route or date range. Cost rise looks unexplained and worth a human review.
Chennai-Bangalore,2025-09-22,2.91739567376032,+2.0% vs this route's past average,+9.6% vs similar-length routes this week,Yes,,No matching note found for this route or date range. Cost rise looks unexplained and worth a human review.
Chennai-Bangalore,2025-09-29,2.900093849665561,+0.8% vs this route's past average,+5.0% vs similar-length routes this week,Yes,,No matching note found for this route or date range. Cost rise looks unexplained and worth a human review.
Chennai-Bangalore,2025-10-06,2.774167353140143,-3.5% vs this route's past average,-1.4% vs similar-length routes this week,No Anomaly,,Cost parameters operate within normal variance boundaries.
Chennai-Bangalore,2025-10-13,2.870423484002797,+0.1% vs this route's past average,+6.3% vs similar-length routes this week,Yes,,No matching note found for this route or date range. Cost rise looks unexplained and worth a human review.
Chennai-Bangalore,2025-10-20,2.85644285394986,-0.4% vs this route's past average,+5.2% vs similar-length routes this week,No Anomaly,,Cost parameters operate within normal variance boundaries.
Chennai-Bangalore,2025-10-27,2.810685584596984,-2.1% vs this route's past average,+4.0% vs similar-length routes this week,No Anomaly,,Cost parameters operate within normal variance boundaries.
Chennai-Bangalore,2025-11-03,2.8691882106833284,+0.3% vs this route's past average,+3.1% vs similar-length routes this week,Yes,,No matching note found for this route or date range. Cost rise looks unexplained and worth a human review.
Chennai-Bangalore,2025-11-10,2.9014167989069044,+1.0% vs this route's past average,+8.9% vs similar-length routes this week,Yes,,No matching note found for this route or date range. Cost rise looks unexplained and worth a human review.
Chennai-Bangalore,2025-11-17,2.811387900355872,-1.8% vs this route's past average,+2.2% vs similar-length routes this week,No Anomaly,,Cost parameters operate within normal variance boundaries.
Chennai-Bangalore,2025-11-24,2.894371735993164,+1.6% vs this route's past average,+9.1% vs similar-length routes this week,Yes,,No matching note found for this route or date range. Cost rise looks unexplained and worth a human review.
Chennai-Bangalore,2025-12-01,2.8808002553782925,+1.1% vs this route's past average,+4.6% vs similar-length routes this week,Yes,,No matching note found for this route or date range. Cost rise looks unexplained and worth a human review.
Chennai-Bangalore,2025-12-08,2.888463624181527,+0.9% vs this route's past average,+3.0% vs similar-length routes this week,Yes,,No matching note found for this route or date range. Cost rise looks unexplained and worth a human review.
Chennai-Bangalore,2025-12-15,2.9393283529986736,+2.6% vs this route's past average,+7.7% vs similar-length routes this week,Yes,,No matching note found for this route or date range. Cost rise looks unexplained and worth a human review.
Chennai-Bangalore,2025-12-22,2.8236609342482057,-1.8% vs this route's past average,+1.1% vs similar-length routes this week,No Anomaly,,Cost parameters operate within normal variance boundaries.
Delhi-Chennai,2024-01-01,1.956298374217392,+0.0% vs this route's past average,-4.7% vs similar-length routes this week,No Anomaly,,Cost parameters operate within normal variance boundaries.
Delhi-Chennai,2024-01-08,2.0978558150803948,+7.2% vs this route's past average,-0.2% vs similar-length routes this week,No Anomaly,,Cost parameters operate within normal variance boundaries.
Delhi-Chennai,2024-01-15,2.1467159233621165,+5.9% vs this route's past average,+4.7% vs similar-length routes this week,Yes,,No matching note found for this route or date range. Cost rise looks unexplained and worth a human review.
Delhi-Chennai,2024-01-22,2.027410534166075,-1.9% vs this route's past average,-2.0% vs similar-length routes this week,No Anomaly,,Cost parameters operate within normal variance boundaries.
Delhi-Chennai,2024-01-29,2.001057289727846,-2.7% vs this route's past average,-0.0% vs similar-length routes this week,No Anomaly,,Cost parameters operate within normal variance boundaries.
Delhi-Chennai,2024-02-05,2.2207590134748814,+8.5% vs this route's past average,+7.8% vs similar-length routes this week,Yes,,No matching note found for this route or date range. Cost rise looks unexplained and worth a human review.
Delhi-Chennai,2024-02-12,2.0445051874471414,-1.5% vs this route's past average,-2.1% vs similar-length routes this week,No Anomaly,,Cost parameters operate within normal variance boundaries.
Delhi-Chennai,2024-02-19,2.1342632911598507,+3.1% vs this route's past average,+7.6% vs similar-length routes this week,Yes,,No matching note found for this route or date range. Cost rise looks unexplained and worth a human review.
Delhi-Chennai,2024-02-26,2.1064489961935755,+1.3% vs this route's past average,+6.8% vs similar-length routes this week,Yes,,No matching note found for this route or date range. Cost rise looks unexplained and worth a human review.
Delhi-Chennai,2024-03-04,2.0524494466072976,-2.1% vs this route's past average,+3.7% vs similar-length routes this week,No Anomaly,,Cost parameters operate within normal variance boundaries.
Delhi-Chennai,2024-03-11,2.0203298430967758,-3.4% vs this route's past average,-0.1% vs similar-length routes this week,No Anomaly,,Cost parameters operate within normal variance boundaries.
Delhi-Chennai,2024-03-18,2.2129300588909477,+6.6% vs this route's past average,+7.3% vs similar-length routes this week,Yes,,No matching note found for this route or date range. Cost rise looks unexplained and worth a human review.
Delhi-Chennai,2024-03-25,2.051098426971352,-2.3% vs this route's past average,+0.2% vs similar-length routes this week,No Anomaly,,Cost parameters operate within normal variance boundaries.
Delhi-Chennai,2024-04-01,2.039962093508567,-3.1% vs this route's past average,+2.1% vs similar-length routes this week,No Anomaly,,Cost parameters operate within normal variance boundaries.
Delhi-Chennai,2024-04-08,2.175122258803294,+4.4% vs this route's past average,+10.5% vs similar-length routes this week,Yes,,No matching note found for this route or date range. Cost rise looks unexplained and worth a human review.
Delhi-Chennai,2024-04-15,2.189590380994658,+4.3% vs this route's past average,+5.6% vs similar-length routes this week,Yes,,No matching note found for this route or date range. Cost rise looks unexplained and worth a human review.
Delhi-Chennai,2024-04-22,2.040536712107725,-3.1% vs this route's past average,-2.8% vs similar-length routes this week,No Anomaly,,Cost parameters operate within normal variance boundaries.
Delhi-Chennai,2024-04-29,2.041307213587173,-2.7% vs this route's past average,-3.3% vs similar-length routes this week,No Anomaly,,Cost parameters operate within normal variance boundaries.
Delhi-Chennai,2024-05-06,2.038356388152376,-2.8% vs this route's past average,+3.8% vs similar-length routes this week,No Anomaly,,Cost parameters operate within normal variance boundaries.
Delhi-Chennai,2024-05-13,2.146846388130955,+2.3% vs this route's past average,+4.7% vs similar-length routes this week,Yes,,No matching note found for this route or date range. Cost rise looks unexplained and worth a human review.
Delhi-Chennai,2024-05-20,2.192486403421971,+4.9% vs this route's past average,+3.4% vs similar-length routes this week,Yes,,No matching note found for this route or date range. Cost rise looks unexplained and worth a human review.
Delhi-Chennai,2024-05-27,2.090931656981341,-0.8% vs this route's past average,-0.8% vs similar-length routes this week,No Anomaly,,Cost parameters operate within normal variance boundaries.
Delhi-Chennai,2024-06-03,2.175506838825636,+2.9% vs this route's past average,+4.2% vs similar-length routes this week,Yes,,No matching note found for this route or date range. Cost rise looks unexplained and worth a human review.
Delhi-Chennai,2024-06-10,2.1845430210001098,+3.3% vs this route's past average,+10.7% vs similar-length routes this week,Yes,,No matching note found for this route or date range. Cost rise looks unexplained and worth a human review.
Delhi-Chennai,2024-06-17,2.1898471705483606,+3.6% vs this route's past average,+4.5% vs similar-length routes this week,Yes,,No matching note found for this route or date range. Cost rise looks unexplained and worth a human review.
Delhi-Chennai,2024-06-24,2.08465374244201,-2.2% vs this route's past average,-0.4% vs similar-length routes this week,No Anomaly,,Cost parameters operate within normal variance boundaries.
Delhi-Chennai,2024-07-01,2.118067230475295,-0.9% vs this route's past average,+7.6% vs similar-length routes this week,No Anomaly,,Cost parameters operate within normal variance boundaries.
Delhi-Chennai,2024-07-08,2.127978930907513,-0.9% vs this route's past average,+2.2% vs similar-length routes this week,No Anomaly,,Cost parameters operate within normal variance boundaries.
Delhi-Chennai,2024-07-15,2.140619089440067,-0.2% vs this route's past average,+5.7% vs similar-length routes this week,No Anomaly,,Cost parameters operate within normal variance boundaries.
Delhi-Chennai,2024-07-22,1.9461139430788024,-9.0% vs this route's past average,-7.4% vs similar-length routes this week,No Anomaly,,Cost parameters operate within normal variance boundaries.
Delhi-Chennai,2024-07-29,1.9948209895335784,-5.9% vs this route's past average,-3.2% vs similar-length routes this week,No Anomaly,,Cost parameters operate within normal variance boundaries.
Delhi-Chennai,2024-08-05,1.997759182394508,-4.8% vs this route's past average,-1.6% vs similar-length routes this week,No Anomaly,,Cost parameters operate within normal variance boundaries.
Delhi-Chennai,2024-08-12,2.098544147759444,+1.1% vs this route's past average,+5.1% vs similar-length routes this week,Yes,,No matching note found for this route or date range. Cost rise looks unexplained and worth a human review.
Delhi-Chennai,2024-08-19,2.070984526513901,+0.4% vs this route's past average,+1.6% vs similar-length routes this week,Yes,,No matching note found for this route or date range. Cost rise looks unexplained and worth a human review.
Delhi-Chennai,2024-08-26,2.1226394430285707,+2.9% vs this route's past average,+7.0% vs similar-length routes this week,Yes,,No matching note found for this route or date range. Cost rise looks unexplained and worth a human review.
Delhi-Chennai,2024-09-02,2.110229093693204,+2.3% vs this route's past average,+6.8% vs similar-length routes this week,Yes,,No matching note found for this route or date range. Cost rise looks unexplained and worth a human review.
Delhi-Chennai,2024-09-09,2.118994579836392,+2.9% vs this route's past average,+6.7% vs similar-length routes this week,Yes,,No matching note found for this route or date range. Cost rise looks unexplained and worth a human review.
Delhi-Chennai,2024-09-16,2.1469048642572663,+4.3% vs this route's past average,+4.5% vs similar-length routes this week,Yes,,No matching note found for this route or date range. Cost rise looks unexplained and worth a human review.
Delhi-Chennai,2024-09-23,2.116523420076731,+1.6% vs this route's past average,+3.8% vs similar-length routes this week,Yes,,No matching note found for this route or date range. Cost rise looks unexplained and worth a human review.
Delhi-Chennai,2024-09-30,2.066209866528212,-1.5% vs this route's past average,+0.2% vs similar-length routes this week,No Anomaly,,Cost parameters operate within normal variance boundaries.
Delhi-Chennai,2024-10-07,1.9923355607279147,-5.4% vs this route's past average,-6.5% vs similar-length routes this week,No Anomaly,,Cost parameters operate within normal variance boundaries.
Delhi-Chennai,2024-10-14,2.1901767233463008,+4.6% vs this route's past average,+7.4% vs similar-length routes this week,Yes,,No matching note found for this route or date range. Cost rise looks unexplained and worth a human review.
Delhi-Chennai,2024-10-21,2.1801357215028125,+3.4% vs this route's past average,+10.5% vs similar-length routes this week,Yes,,No matching note found for this route or date range. Cost rise looks unexplained and worth a human review.
Delhi-Chennai,2024-10-28,2.0435917537778465,-3.4% vs this route's past average,+2.0% vs similar-length routes this week,No Anomaly,,Cost parameters operate within normal variance boundaries.
Delhi-Chennai,2024-11-04,2.136985931702612,+1.4% vs this route's past average,+5.9% vs similar-length routes this week,Yes,,No matching note found for this route or date range. Cost rise looks unexplained and worth a human review.
Delhi-Chennai,2024-11-11,2.0419878294122324,-3.2% vs this route's past average,-2.8% vs similar-length routes this week,No Anomaly,,Cost parameters operate within normal variance boundaries.
Delhi-Chennai,2024-11-18,1.990062839545877,-5.1% vs this route's past average,-3.5% vs similar-length routes this week,No Anomaly,,Cost parameters operate within normal variance boundaries.
Delhi-Chennai,2024-11-25,1.988690826285465,-4.4% vs this route's past average,+1.9% vs similar-length routes this week,No Anomaly,,Cost parameters operate within normal variance boundaries.
Delhi-Chennai,2024-12-02,1.968087013469917,-4.9% vs this route's past average,-4.4% vs similar-length routes this week,No Anomaly,,Cost parameters operate within normal variance boundaries.
Delhi-Chennai,2024-12-09,2.169191199009753,+4.9% vs this route's past average,+8.3% vs similar-length routes this week,Yes,,No matching note found for this route or date range. Cost rise looks unexplained and worth a human review.
Delhi-Chennai,2024-12-16,2.036109408862508,-1.4% vs this route's past average,+1.8% vs similar-length routes this week,No Anomaly,,Cost parameters operate within normal variance boundaries.
Delhi-Chennai,2024-12-23,2.0894419465971,+2.1% vs this route's past average,+2.0% vs similar-length routes this week,Yes,,No matching note found for this route or date range. Cost rise looks unexplained and worth a human review.
Delhi-Chennai,2024-12-30,2.170761036416544,+5.8% vs this route's past average,+9.0% vs similar-length routes this week,Yes,,No matching note found for this route or date range. Cost rise looks unexplained and worth a human review.
Delhi-Chennai,2025-01-06,2.0189153924776004,-1.8% vs this route's past average,-3.0% vs similar-length routes this week,No Anomaly,,Cost parameters operate within normal variance boundaries.
Delhi-Chennai,2025-01-13,1.9973096158496448,-2.8% vs this route's past average,-1.5% vs similar-length routes this week,No Anomaly,,Cost parameters operate within normal variance boundaries.
Delhi-Chennai,2025-01-20,1.962417188486714,-4.5% vs this route's past average,-6.0% vs similar-length routes this week,No Anomaly,,Cost parameters operate within normal variance boundaries.
Delhi-Chennai,2025-01-27,2.181331640557924,+6.3% vs this route's past average,+10.0% vs similar-length routes this week,Yes,,No matching note found for this route or date range. Cost rise looks unexplained and worth a human review.
Delhi-Chennai,2025-02-03,2.2145952929752712,+6.6% vs this route's past average,+8.7% vs similar-length routes this week,Yes,,No matching note found for this route or date range. Cost rise looks unexplained and worth a human review.
Delhi-Chennai,2025-02-10,2.038185202849274,-2.2% vs this route's past average,+1.6% vs similar-length routes this week,No Anomaly,,Cost parameters operate within normal variance boundaries.
Delhi-Chennai,2025-02-17,2.2192878406636614,+6.5% vs this route's past average,+11.9% vs similar-length routes this week,Yes,,No matching note found for this route or date range. Cost rise looks unexplained and worth a human review.
Delhi-Chennai,2025-02-24,2.0765778492499853,-1.1% vs this route's past average,+1.1% vs similar-length routes this week,No Anomaly,,Cost parameters operate within normal variance boundaries.
Delhi-Chennai,2025-03-03,2.1519571147918963,+3.0% vs this route's past average,+6.4% vs similar-length routes this week,Yes,,No matching note found for this route or date range. Cost rise looks unexplained and worth a human review.
Delhi-Chennai,2025-03-10,2.1187813168153085,+0.6% vs this route's past average,+3.2% vs similar-length routes this week,Yes,,No matching note found for this route or date range. Cost rise looks unexplained and worth a human review.
Delhi-Chennai,2025-03-17,2.0814995170870225,-1.8% vs this route's past average,+1.4% vs similar-length routes this week,No Anomaly,,Cost parameters operate within normal variance boundaries.
Delhi-Chennai,2025-03-24,1.9867216682153144,-7.0% vs this route's past average,-3.4% vs similar-length routes this week,No Anomaly,,Cost parameters operate within normal variance boundaries.
Delhi-Chennai,2025-03-31,2.047733685536559,-3.0% vs this route's past average,+0.8% vs similar-length routes this week,No Anomaly,,Cost parameters operate within normal variance boundaries.
Delhi-Chennai,2025-04-07,2.208679844091445,+5.7% vs this route's past average,+8.8% vs similar-length routes this week,Yes,,No matching note found for this route or date range. Cost rise looks unexplained and worth a human review.
Delhi-Chennai,2025-04-14,1.983596083052165,-6.1% vs this route's past average,-0.4% vs similar-length routes this week,No Anomaly,,Cost parameters operate within normal variance boundaries.
Delhi-Chennai,2025-04-21,2.0631499245243075,-0.9% vs this route's past average,+3.0% vs similar-length routes this week,No Anomaly,,Cost parameters operate within normal variance boundaries.
Delhi-Chennai,2025-04-28,2.0677589762260062,-0.6% vs this route's past average,+4.1% vs similar-length routes this week,No Anomaly,,Cost parameters operate within normal variance boundaries.
Delhi-Chennai,2025-05-05,2.198696684462253,+6.2% vs this route's past average,+1.2% vs similar-length routes this week,Yes,,No matching note found for this route or date range. Cost rise looks unexplained and worth a human review.
Delhi-Chennai,2025-05-12,2.1355164957605006,+2.7% vs this route's past average,-6.2% vs similar-length routes this week,No Anomaly,,Cost parameters operate within normal variance boundaries.
Delhi-Chennai,2025-05-19,2.109414123071192,+1.1% vs this route's past average,-0.5% vs similar-length routes this week,No Anomaly,,Cost parameters operate within normal variance boundaries.
Delhi-Chennai,2025-05-26,2.111363340085437,+0.5% vs this route's past average,-3.5% vs similar-length routes this week,No Anomaly,,Cost parameters operate within normal variance boundaries.
Delhi-Chennai,2025-06-02,2.0630241533603,-2.2% vs this route's past average,-8.6% vs similar-length routes this week,No Anomaly,,Cost parameters operate within normal variance boundaries.
Delhi-Chennai,2025-06-09,2.198903719120916,+5.1% vs this route's past average,-0.5% vs similar-length routes this week,No Anomaly,,Cost parameters operate within normal variance boundaries.
Delhi-Chennai,2025-06-16,2.0582748083339584,-2.8% vs this route's past average,-8.5% vs similar-length routes this week,No Anomaly,,Cost parameters operate within normal variance boundaries.
Delhi-Chennai,2025-06-23,2.04527847361748,-3.4% vs this route's past average,-8.0% vs similar-length routes this week,No Anomaly,,Cost parameters operate within normal variance boundaries.
Delhi-Chennai,2025-06-30,2.153644778811427,+1.8% vs this route's past average,+0.9% vs similar-length routes this week,Yes,,No matching note found for this route or date range. Cost rise looks unexplained and worth a human review.
Delhi-Chennai,2025-07-07,1.97860469449773,-6.2% vs this route's past average,-6.5% vs similar-length routes this week,No Anomaly,,Cost parameters operate within normal variance boundaries.
Delhi-Chennai,2025-07-14,2.1702416417906205,+3.8% vs this route's past average,+2.5% vs similar-length routes this week,Yes,,No matching note found for this route or date range. Cost rise looks unexplained and worth a human review.
Delhi-Chennai,2025-07-21,2.0392900262143385,-2.8% vs this route's past average,-7.5% vs similar-length routes this week,No Anomaly,,Cost parameters operate within normal variance boundaries.
Delhi-Chennai,2025-07-28,2.062709519806737,-1.2% vs this route's past average,-7.5% vs similar-length routes this week,No Anomaly,,Cost parameters operate within normal variance boundaries.
Delhi-Chennai,2025-08-04,2.177723560866708,+4.3% vs this route's past average,+3.2% vs similar-length routes this week,Yes,,No matching note found for this route or date range. Cost rise looks unexplained and worth a human review.
Delhi-Chennai,2025-08-11,1.987563222705217,-4.7% vs this route's past average,-8.1% vs similar-length routes this week,No Anomaly,,Cost parameters operate within normal variance boundaries.
Delhi-Chennai,2025-08-18,2.0091995404377454,-3.3% vs this route's past average,-9.7% vs similar-length routes this week,No Anomaly,,Cost parameters operate within normal variance boundaries.
Delhi-Chennai,2025-08-25,2.016425808178081,-2.7% vs this route's past average,-4.1% vs similar-length routes this week,No Anomaly,,Cost parameters operate within normal variance boundaries.
Delhi-Chennai,2025-09-01,2.1297733430926677,+3.6% vs this route's past average,-2.0% vs similar-length routes this week,No Anomaly,,Cost parameters operate within normal variance boundaries.
Delhi-Chennai,2025-09-08,2.1474105373750705,+3.5% vs this route's past average,+2.5% vs similar-length routes this week,Yes,,No matching note found for this route or date range. Cost rise looks unexplained and worth a human review.
Delhi-Chennai,2025-09-15,2.0555846845360697,-0.8% vs this route's past average,-5.5% vs similar-length routes this week,No Anomaly,,Cost parameters operate within normal variance boundaries.
Delhi-Chennai,2025-09-22,1.9816189298985272,-4.4% vs this route's past average,-10.6% vs similar-length routes this week,No Anomaly,,Cost parameters operate within normal variance boundaries.
Delhi-Chennai,2025-09-29,2.084686608045349,+1.0% vs this route's past average,-4.6% vs similar-length routes this week,No Anomaly,,Cost parameters operate within normal variance boundaries.
Delhi-Chennai,2025-10-06,2.107767464796165,+2.7% vs this route's past average,-7.0% vs similar-length routes this week,No Anomaly,,Cost parameters operate within normal variance boundaries.
Delhi-Chennai,2025-10-13,2.0536056831336182,-0.6% vs this route's past average,-4.2% vs similar-length routes this week,No Anomaly,,Cost parameters operate within normal variance boundaries.
Delhi-Chennai,2025-10-20,2.069258369743481,-0.1% vs this route's past average,-1.9% vs similar-length routes this week,No Anomaly,,Cost parameters operate within normal variance boundaries.
Delhi-Chennai,2025-10-27,2.1812601894223294,+4.9% vs this route's past average,+2.9% vs similar-length routes this week,Yes,,No matching note found for this route or date range. Cost rise looks unexplained and worth a human review.
Delhi-Chennai,2025-11-03,2.0346378871364905,-2.4% vs this route's past average,-4.5% vs similar-length routes this week,No Anomaly,,Cost parameters operate within normal variance boundaries.
Delhi-Chennai,2025-11-10,2.197442711775526,+6.1% vs this route's past average,+3.9% vs similar-length routes this week,Yes,,No matching note found for this route or date range. Cost rise looks unexplained and worth a human review.
Delhi-Chennai,2025-11-17,2.000526440902417,-4.2% vs this route's past average,-5.1% vs similar-length routes this week,No Anomaly,,Cost parameters operate within normal variance boundaries.
Delhi-Chennai,2025-11-24,2.029318691900332,-3.0% vs this route's past average,-9.3% vs similar-length routes this week,No Anomaly,,Cost parameters operate within normal variance boundaries.
Delhi-Chennai,2025-12-01,2.071703272273256,-0.6% vs this route's past average,-3.6% vs similar-length routes this week,No Anomaly,,Cost parameters operate within normal variance boundaries.
Delhi-Chennai,2025-12-08,1.982879633159356,-4.7% vs this route's past average,-8.4% vs similar-length routes this week,No Anomaly,,Cost parameters operate within normal variance boundaries.
Delhi-Chennai,2025-12-15,1.9675850729410824,-5.0% vs this route's past average,-8.2% vs similar-length routes this week,No Anomaly,,Cost parameters operate within normal variance boundaries.
Delhi-Chennai,2025-12-22,1.9905279604623949,-3.3% vs this route's past average,-10.2% vs similar-length routes this week,No Anomaly,,Cost parameters operate within normal variance boundaries.
Delhi-Jaipur,2024-01-01,3.000124589086287,+0.0% vs this route's past average,-9.1% vs similar-length routes this week,No Anomaly,,Cost parameters operate within normal variance boundaries.
Delhi-Jaipur,2024-01-08,3.053238844499479,+1.8% vs this route's past average,-9.7% vs similar-length routes this week,No Anomaly,,Cost parameters operate within normal variance boundaries.
Delhi-Jaipur,2024-01-15,3.018284611444174,-0.3% vs this route's past average,-11.5% vs similar-length routes this week,No Anomaly,,Cost parameters operate within normal variance boundaries.
Delhi-Jaipur,2024-01-22,2.9905207109637173,-1.1% vs this route's past average,-11.5% vs similar-length routes this week,No Anomaly,,Cost parameters operate within normal variance boundaries.
Delhi-Jaipur,2024-01-29,3.193044427848018,+5.9% vs this route's past average,-2.6% vs similar-length routes this week,No Anomaly,,Cost parameters operate within normal variance boundaries.
Delhi-Jaipur,2024-02-05,3.019563453505494,-1.0% vs this route's past average,-8.2% vs similar-length routes this week,No Anomaly,,Cost parameters operate within normal variance boundaries.
Delhi-Jaipur,2024-02-12,3.114203204421916,+2.2% vs this route's past average,-5.1% vs similar-length routes this week,No Anomaly,,Cost parameters operate within normal variance boundaries.
Delhi-Jaipur,2024-02-19,2.9942465670453102,-2.0% vs this route's past average,-11.4% vs similar-length routes this week,No Anomaly,,Cost parameters operate within normal variance boundaries.
Delhi-Jaipur,2024-02-26,3.095922612017261,+1.6% vs this route's past average,-4.7% vs similar-length routes this week,No Anomaly,,Cost parameters operate within normal variance boundaries.
Delhi-Jaipur,2024-03-04,3.000886739557641,-1.9% vs this route's past average,-12.0% vs similar-length routes this week,No Anomaly,,Cost parameters operate within normal variance boundaries.
Delhi-Jaipur,2024-03-11,3.112900922683544,+2.0% vs this route's past average,-6.8% vs similar-length routes this week,No Anomaly,,Cost parameters operate within normal variance boundaries.
Delhi-Jaipur,2024-03-18,3.079482909335919,+0.5% vs this route's past average,-9.8% vs similar-length routes this week,No Anomaly,,Cost parameters operate within normal variance boundaries.
Delhi-Jaipur,2024-03-25,3.17451688143107,+3.2% vs this route's past average,-10.2% vs similar-length routes this week,No Anomaly,,Cost parameters operate within normal variance boundaries.
Delhi-Jaipur,2024-04-01,2.989638453642722,-2.7% vs this route's past average,-10.2% vs similar-length routes this week,No Anomaly,,Cost parameters operate within normal variance boundaries.
Delhi-Jaipur,2024-04-08,3.125594634942489,+1.8% vs this route's past average,-10.5% vs similar-length routes this week,No Anomaly,,Cost parameters operate within normal variance boundaries.
Delhi-Jaipur,2024-04-15,3.2014746514424037,+4.2% vs this route's past average,-10.3% vs similar-length routes this week,No Anomaly,,Cost parameters operate within normal variance boundaries.
Delhi-Jaipur,2024-04-22,3.0583944142533848,-1.3% vs this route's past average,-8.0% vs similar-length routes this week,No Anomaly,,Cost parameters operate within normal variance boundaries.
Delhi-Jaipur,2024-04-29,3.0742647090547464,-0.6% vs this route's past average,-12.6% vs similar-length routes this week,No Anomaly,,Cost parameters operate within normal variance boundaries.
Delhi-Jaipur,2024-05-06,3.095442243813846,-0.2% vs this route's past average,-11.7% vs similar-length routes this week,No Anomaly,,Cost parameters operate within normal variance boundaries.
Delhi-Jaipur,2024-05-13,3.060597254279632,-1.3% vs this route's past average,-7.3% vs similar-length routes this week,No Anomaly,,Cost parameters operate within normal variance boundaries.
Delhi-Jaipur,2024-05-20,3.0543348925250706,-1.4% vs this route's past average,-8.6% vs similar-length routes this week,No Anomaly,,Cost parameters operate within normal variance boundaries.
Delhi-Jaipur,2024-05-27,3.1062883197284608,+0.8% vs this route's past average,-9.8% vs similar-length routes this week,No Anomaly,,Cost parameters operate within normal variance boundaries.
Delhi-Jaipur,2024-06-03,3.1410904870240075,+1.4% vs this route's past average,-7.1% vs similar-length routes this week,No Anomaly,,Cost parameters operate within normal variance boundaries.
Delhi-Jaipur,2024-06-10,3.0307295587311263,-2.2% vs this route's past average,-14.2% vs similar-length routes this week,No Anomaly,,Cost parameters operate within normal variance boundaries.
Delhi-Jaipur,2024-06-17,3.174488942112091,+3.1% vs this route's past average,-4.7% vs similar-length routes this week,No Anomaly,,Cost parameters operate within normal variance boundaries.
Delhi-Jaipur,2024-06-24,3.098773366701835,+0.2% vs this route's past average,-7.5% vs similar-length routes this week,No Anomaly,,Cost parameters operate within normal variance boundaries.
Delhi-Jaipur,2024-07-01,3.1919593224531986,+3.1% vs this route's past average,-5.2% vs similar-length routes this week,No Anomaly,,Cost parameters operate within normal variance boundaries.
Delhi-Jaipur,2024-07-08,3.1168371831289035,+0.3% vs this route's past average,-12.1% vs similar-length routes this week,No Anomaly,,Cost parameters operate within normal variance boundaries.
Delhi-Jaipur,2024-07-15,3.0878248301608573,-0.9% vs this route's past average,-10.3% vs similar-length routes this week,No Anomaly,,Cost parameters operate within normal variance boundaries.
Delhi-Jaipur,2024-07-22,3.12707767184565,+0.3% vs this route's past average,-11.1% vs similar-length routes this week,No Anomaly,,Cost parameters operate within normal variance boundaries.
Delhi-Jaipur,2024-07-29,3.146639390849637,+0.8% vs this route's past average,-7.2% vs similar-length routes this week,No Anomaly,,Cost parameters operate within normal variance boundaries.
Delhi-Jaipur,2024-08-05,3.056896958649736,-2.1% vs this route's past average,-9.3% vs similar-length routes this week,No Anomaly,,Cost parameters operate within normal variance boundaries.
Delhi-Jaipur,2024-08-12,3.0025556482474607,-3.9% vs this route's past average,-10.2% vs similar-length routes this week,No Anomaly,,Cost parameters operate within normal variance boundaries.
Delhi-Jaipur,2024-08-19,3.0753854525836357,-0.9% vs this route's past average,-10.1% vs similar-length routes this week,No Anomaly,,Cost parameters operate within normal variance boundaries.
Delhi-Jaipur,2024-08-26,3.1060974515646174,+0.2% vs this route's past average,-8.4% vs similar-length routes this week,No Anomaly,,Cost parameters operate within normal variance boundaries.
Delhi-Jaipur,2024-09-02,3.0813894690353343,-0.3% vs this route's past average,-6.3% vs similar-length routes this week,No Anomaly,,Cost parameters operate within normal variance boundaries.
Delhi-Jaipur,2024-09-09,3.169366676497001,+2.7% vs this route's past average,-3.2% vs similar-length routes this week,No Anomaly,,Cost parameters operate within normal variance boundaries.
Delhi-Jaipur,2024-09-16,3.1643300939939465,+2.2% vs this route's past average,-7.7% vs similar-length routes this week,No Anomaly,,Cost parameters operate within normal variance boundaries.
Delhi-Jaipur,2024-09-23,3.151779608207148,+1.7% vs this route's past average,-9.1% vs similar-length routes this week,No Anomaly,,Cost parameters operate within normal variance boundaries.
Delhi-Jaipur,2024-09-30,3.0157284752161964,-2.7% vs this route's past average,-11.9% vs similar-length routes this week,No Anomaly,,Cost parameters operate within normal variance boundaries.
Delhi-Jaipur,2024-10-07,3.088429182204065,-0.2% vs this route's past average,-12.1% vs similar-length routes this week,No Anomaly,,Cost parameters operate within normal variance boundaries.
Delhi-Jaipur,2024-10-14,3.0945656781283994,-0.4% vs this route's past average,-7.7% vs similar-length routes this week,No Anomaly,,Cost parameters operate within normal variance boundaries.
Delhi-Jaipur,2024-10-21,3.0776716314989736,-1.0% vs this route's past average,-7.8% vs similar-length routes this week,No Anomaly,,Cost parameters operate within normal variance boundaries.
Delhi-Jaipur,2024-10-28,3.0342132300731706,-2.3% vs this route's past average,-13.1% vs similar-length routes this week,No Anomaly,,Cost parameters operate within normal variance boundaries.
Delhi-Jaipur,2024-11-04,3.007014564291876,-3.0% vs this route's past average,-12.1% vs similar-length routes this week,No Anomaly,,Cost parameters operate within normal variance boundaries.
Delhi-Jaipur,2024-11-11,4.1729570742422215,+35.5% vs this route's past average,+21.0% vs similar-length routes this week,Yes,,No matching note found for this route or date range. Cost rise looks unexplained and worth a human review.
Delhi-Jaipur,2024-11-18,4.09056418496697,+27.6% vs this route's past average,+19.7% vs similar-length routes this week,Yes,,No matching note found for this route or date range. Cost rise looks unexplained and worth a human review.
Delhi-Jaipur,2024-11-25,3.057646609169616,-8.0% vs this route's past average,-10.9% vs similar-length routes this week,No Anomaly,,Cost parameters operate within normal variance boundaries.
Delhi-Jaipur,2024-12-02,3.045067060150872,-8.5% vs this route's past average,-11.5% vs similar-length routes this week,No Anomaly,,Cost parameters operate within normal variance boundaries.
Delhi-Jaipur,2024-12-09,3.2214860208844818,-3.0% vs this route's past average,-6.0% vs similar-length routes this week,No Anomaly,,Cost parameters operate within normal variance boundaries.
Delhi-Jaipur,2024-12-16,3.0767496506432246,-7.8% vs this route's past average,-13.3% vs similar-length routes this week,No Anomaly,,Cost parameters operate within normal variance boundaries.
Delhi-Jaipur,2024-12-23,3.112671142027137,-6.8% vs this route's past average,-11.2% vs similar-length routes this week,No Anomaly,,Cost parameters operate within normal variance boundaries.
Delhi-Jaipur,2024-12-30,3.2183319030184787,-3.9% vs this route's past average,-5.4% vs similar-length routes this week,No Anomaly,,Cost parameters operate within normal variance boundaries.
Delhi-Jaipur,2025-01-06,3.169515701164645,-6.1% vs this route's past average,-9.4% vs similar-length routes this week,No Anomaly,,Cost parameters operate within normal variance boundaries.
Delhi-Jaipur,2025-01-13,3.04568886569979,-6.3% vs this route's past average,-13.7% vs similar-length routes this week,No Anomaly,,Cost parameters operate within normal variance boundaries.
Delhi-Jaipur,2025-01-20,3.062641938448038,-1.8% vs this route's past average,-12.6% vs similar-length routes this week,No Anomaly,,Cost parameters operate within normal variance boundaries.
Delhi-Jaipur,2025-01-27,3.14393683879164,+0.8% vs this route's past average,-7.2% vs similar-length routes this week,No Anomaly,,Cost parameters operate within normal variance boundaries.
Delhi-Jaipur,2025-02-03,3.0152735695620803,-3.7% vs this route's past average,-9.5% vs similar-length routes this week,No Anomaly,,Cost parameters operate within normal variance boundaries.
Delhi-Jaipur,2025-02-10,2.989365619170418,-3.7% vs this route's past average,-11.8% vs similar-length routes this week,No Anomaly,,Cost parameters operate within normal variance boundaries.
Delhi-Jaipur,2025-02-17,3.096863432502285,+0.1% vs this route's past average,-9.1% vs similar-length routes this week,No Anomaly,,Cost parameters operate within normal variance boundaries.
Delhi-Jaipur,2025-02-24,3.0826648241960197,-0.3% vs this route's past average,-9.6% vs similar-length routes this week,No Anomaly,,Cost parameters operate within normal variance boundaries.
Delhi-Jaipur,2025-03-03,3.2186160226789813,+4.6% vs this route's past average,-8.0% vs similar-length routes this week,No Anomaly,,Cost parameters operate within normal variance boundaries.
Delhi-Jaipur,2025-03-10,3.1829782537128866,+3.3% vs this route's past average,-9.5% vs similar-length routes this week,No Anomaly,,Cost parameters operate within normal variance boundaries.
Delhi-Jaipur,2025-03-17,3.0785154656676093,-0.7% vs this route's past average,-9.2% vs similar-length routes this week,No Anomaly,,Cost parameters operate within normal variance boundaries.
Delhi-Jaipur,2025-03-24,3.139244979607187,+1.2% vs this route's past average,-6.2% vs similar-length routes this week,No Anomaly,,Cost parameters operate within normal variance boundaries.
Delhi-Jaipur,2025-03-31,3.055609182334624,-1.4% vs this route's past average,-5.5% vs similar-length routes this week,No Anomaly,,Cost parameters operate within normal variance boundaries.
Delhi-Jaipur,2025-04-07,3.1881643364078243,+2.7% vs this route's past average,-9.6% vs similar-length routes this week,No Anomaly,,Cost parameters operate within normal variance boundaries.
Delhi-Jaipur,2025-04-14,2.9953091684434967,-4.3% vs this route's past average,-11.9% vs similar-length routes this week,No Anomaly,,Cost parameters operate within normal variance boundaries.
Delhi-Jaipur,2025-04-21,3.072194137196133,-1.5% vs this route's past average,-6.7% vs similar-length routes this week,No Anomaly,,Cost parameters operate within normal variance boundaries.
Delhi-Jaipur,2025-04-28,3.0337773255273235,-2.6% vs this route's past average,-11.2% vs similar-length routes this week,No Anomaly,,Cost parameters operate within normal variance boundaries.
Delhi-Jaipur,2025-05-05,3.323786517774917,+7.5% vs this route's past average,-8.1% vs similar-length routes this week,No Anomaly,,Cost parameters operate within normal variance boundaries.
Delhi-Jaipur,2025-05-12,3.1848870962999465,+2.4% vs this route's past average,-11.4% vs similar-length routes this week,No Anomaly,,Cost parameters operate within normal variance boundaries.
Delhi-Jaipur,2025-05-19,3.3235820912256573,+6.4% vs this route's past average,-4.3% vs similar-length routes this week,No Anomaly,,Cost parameters operate within normal variance boundaries.
Delhi-Jaipur,2025-05-26,3.279898749510746,+4.2% vs this route's past average,-5.7% vs similar-length routes this week,No Anomaly,,Cost parameters operate within normal variance boundaries.
Delhi-Jaipur,2025-06-02,3.143201151169279,-1.0% vs this route's past average,-12.0% vs similar-length routes this week,No Anomaly,,Cost parameters operate within normal variance boundaries.
Delhi-Jaipur,2025-06-09,3.276807952072161,+3.4% vs this route's past average,-5.7% vs similar-length routes this week,No Anomaly,,Cost parameters operate within normal variance boundaries.
Delhi-Jaipur,2025-06-16,3.2925805672359227,+2.7% vs this route's past average,-11.5% vs similar-length routes this week,No Anomaly,,Cost parameters operate within normal variance boundaries.
Delhi-Jaipur,2025-06-23,3.1206702077053943,-3.5% vs this route's past average,-17.1% vs similar-length routes this week,No Anomaly,,Cost parameters operate within normal variance boundaries.
Delhi-Jaipur,2025-06-30,3.335606249708276,+2.8% vs this route's past average,-5.9% vs similar-length routes this week,No Anomaly,,Cost parameters operate within normal variance boundaries.
Delhi-Jaipur,2025-07-07,3.228798489605058,-0.5% vs this route's past average,-11.3% vs similar-length routes this week,No Anomaly,,Cost parameters operate within normal variance boundaries.
Delhi-Jaipur,2025-07-14,3.392400602883771,+4.4% vs this route's past average,-5.5% vs similar-length routes this week,No Anomaly,,Cost parameters operate within normal variance boundaries.
Delhi-Jaipur,2025-07-21,3.205845978816848,-1.6% vs this route's past average,-9.1% vs similar-length routes this week,No Anomaly,,Cost parameters operate within normal variance boundaries.
Delhi-Jaipur,2025-07-28,3.3363586311316045,+2.7% vs this route's past average,-6.4% vs similar-length routes this week,No Anomaly,,Cost parameters operate within normal variance boundaries.
Delhi-Jaipur,2025-08-04,3.336519717955214,+1.9% vs this route's past average,-10.4% vs similar-length routes this week,No Anomaly,,Cost parameters operate within normal variance boundaries.
Delhi-Jaipur,2025-08-11,3.3717358088444347,+2.8% vs this route's past average,-4.5% vs similar-length routes this week,No Anomaly,,Cost parameters operate within normal variance boundaries.
Delhi-Jaipur,2025-08-18,3.277989899436712,-0.4% vs this route's past average,-13.4% vs similar-length routes this week,No Anomaly,,Cost parameters operate within normal variance boundaries.
Delhi-Jaipur,2025-08-25,3.230412788677708,-2.4% vs this route's past average,-11.1% vs similar-length routes this week,No Anomaly,,Cost parameters operate within normal variance boundaries.
Delhi-Jaipur,2025-09-01,3.4516755988995365,+4.7% vs this route's past average,-5.9% vs similar-length routes this week,No Anomaly,,Cost parameters operate within normal variance boundaries.
Delhi-Jaipur,2025-09-08,3.24903616904716,-2.3% vs this route's past average,-12.6% vs similar-length routes this week,No Anomaly,,Cost parameters operate within normal variance boundaries.
Delhi-Jaipur,2025-09-15,3.220063126502312,-2.6% vs this route's past average,-19.1% vs similar-length routes this week,No Anomaly,,Cost parameters operate within normal variance boundaries.
Delhi-Jaipur,2025-09-22,3.213261699122259,-2.9% vs this route's past average,-15.4% vs similar-length routes this week,No Anomaly,,Cost parameters operate within normal variance boundaries.
Delhi-Jaipur,2025-09-29,3.4357369165119143,+4.3% vs this route's past average,-10.1% vs similar-length routes this week,No Anomaly,,Cost parameters operate within normal variance boundaries.
Delhi-Jaipur,2025-10-06,3.2076541666060807,-3.0% vs this route's past average,-18.6% vs similar-length routes this week,No Anomaly,,Cost parameters operate within normal variance boundaries.
Delhi-Jaipur,2025-10-13,3.3040475259408253,+0.6% vs this route's past average,-14.5% vs similar-length routes this week,No Anomaly,,Cost parameters operate within normal variance boundaries.
Delhi-Jaipur,2025-10-20,3.2806351874570825,-0.3% vs this route's past average,-19.9% vs similar-length routes this week,No Anomaly,,Cost parameters operate within normal variance boundaries.
Delhi-Jaipur,2025-10-27,3.1757949813323028,-3.6% vs this route's past average,-22.0% vs similar-length routes this week,No Anomaly,,Cost parameters operate within normal variance boundaries.
Delhi-Jaipur,2025-11-03,3.3845809052107474,+3.8% vs this route's past average,-19.4% vs similar-length routes this week,No Anomaly,,Cost parameters operate within normal variance boundaries.
Delhi-Jaipur,2025-11-10,3.267834278149905,-0.3% vs this route's past average,-17.6% vs similar-length routes this week,No Anomaly,,Cost parameters operate within normal variance boundaries.
Delhi-Jaipur,2025-11-17,3.284067479877008,+0.0% vs this route's past average,-24.0% vs similar-length routes this week,No Anomaly,,Cost parameters operate within normal variance boundaries.
Delhi-Jaipur,2025-11-24,3.3779523991731564,+2.6% vs this route's past average,-18.7% vs similar-length routes this week,No Anomaly,,Cost parameters operate within normal variance boundaries.
Delhi-Jaipur,2025-12-01,3.197263163309926,-2.7% vs this route's past average,-27.2% vs similar-length routes this week,No Anomaly,,Cost parameters operate within normal variance boundaries.
Delhi-Jaipur,2025-12-08,3.1929489840683787,-2.8% vs this route's past average,-28.0% vs similar-length routes this week,No Anomaly,,Cost parameters operate within normal variance boundaries.
Delhi-Jaipur,2025-12-15,3.2383690176031377,-1.0% vs this route's past average,-26.2% vs similar-length routes this week,No Anomaly,,Cost parameters operate within normal variance boundaries.
Delhi-Jaipur,2025-12-22,3.228925363294389,-1.1% vs this route's past average,-28.0% vs similar-length routes this week,No Anomaly,,Cost parameters operate within normal variance boundaries.
Kolkata-Bhubaneswar,2024-01-01,2.507515776359385,+0.0% vs this route's past average,-2.9% vs similar-length routes this week,No Anomaly,,Cost parameters operate within normal variance boundaries.
Kolkata-Bhubaneswar,2024-01-08,2.6272356647058244,+4.8% vs this route's past average,+0.1% vs similar-length routes this week,Yes,,No matching note found for this route or date range. Cost rise looks unexplained and worth a human review.
Kolkata-Bhubaneswar,2024-01-15,2.507175576831636,-2.3% vs this route's past average,-3.9% vs similar-length routes this week,No Anomaly,,Cost parameters operate within normal variance boundaries.
Kolkata-Bhubaneswar,2024-01-22,2.5746025721501247,+1.1% vs this route's past average,-4.6% vs similar-length routes this week,No Anomaly,,Cost parameters operate within normal variance boundaries.
Kolkata-Bhubaneswar,2024-01-29,2.6247907812898204,+2.8% vs this route's past average,+2.7% vs similar-length routes this week,Yes,,No matching note found for this route or date range. Cost rise looks unexplained and worth a human review.
Kolkata-Bhubaneswar,2024-02-05,2.664165322984317,+3.7% vs this route's past average,+1.3% vs similar-length routes this week,Yes,,No matching note found for this route or date range. Cost rise looks unexplained and worth a human review.
Kolkata-Bhubaneswar,2024-02-12,2.701850073039535,+4.6% vs this route's past average,+3.7% vs similar-length routes this week,Yes,,No matching note found for this route or date range. Cost rise looks unexplained and worth a human review.
Kolkata-Bhubaneswar,2024-02-19,2.692250516917505,+3.5% vs this route's past average,+4.5% vs similar-length routes this week,Yes,,No matching note found for this route or date range. Cost rise looks unexplained and worth a human review.
Kolkata-Bhubaneswar,2024-02-26,2.6488086986897623,+1.4% vs this route's past average,+2.2% vs similar-length routes this week,Yes,,No matching note found for this route or date range. Cost rise looks unexplained and worth a human review.
Kolkata-Bhubaneswar,2024-03-04,2.5095317466660654,-4.6% vs this route's past average,-2.4% vs similar-length routes this week,No Anomaly,,Cost parameters operate within normal variance boundaries.
Kolkata-Bhubaneswar,2024-03-11,2.669609246535916,+2.1% vs this route's past average,-0.3% vs similar-length routes this week,No Anomaly,,Cost parameters operate within normal variance boundaries.
Kolkata-Bhubaneswar,2024-03-18,2.6894092504472344,+2.0% vs this route's past average,+5.5% vs similar-length routes this week,Yes,,No matching note found for this route or date range. Cost rise looks unexplained and worth a human review.
Kolkata-Bhubaneswar,2024-03-25,2.673370830474016,+0.9% vs this route's past average,-0.1% vs similar-length routes this week,No Anomaly,,Cost parameters operate within normal variance boundaries.
Kolkata-Bhubaneswar,2024-04-01,2.517657765719857,-5.2% vs this route's past average,-3.8% vs similar-length routes this week,No Anomaly,,Cost parameters operate within normal variance boundaries.
Kolkata-Bhubaneswar,2024-04-08,2.549107332765163,-3.4% vs this route's past average,-4.8% vs similar-length routes this week,No Anomaly,,Cost parameters operate within normal variance boundaries.
Kolkata-Bhubaneswar,2024-04-15,2.617495479604761,-0.0% vs this route's past average,+2.9% vs similar-length routes this week,No Anomaly,,Cost parameters operate within normal variance boundaries.
Kolkata-Bhubaneswar,2024-04-22,2.537467035440921,-2.8% vs this route's past average,-4.0% vs similar-length routes this week,No Anomaly,,Cost parameters operate within normal variance boundaries.
Kolkata-Bhubaneswar,2024-04-29,2.5392101728725347,-2.2% vs this route's past average,-2.0% vs similar-length routes this week,No Anomaly,,Cost parameters operate within normal variance boundaries.
Kolkata-Bhubaneswar,2024-05-06,2.6573468065102097,+2.2% vs this route's past average,+2.8% vs similar-length routes this week,Yes,,No matching note found for this route or date range. Cost rise looks unexplained and worth a human review.
Kolkata-Bhubaneswar,2024-05-13,2.550297881972491,-1.8% vs this route's past average,-5.6% vs similar-length routes this week,No Anomaly,,Cost parameters operate within normal variance boundaries.
Kolkata-Bhubaneswar,2024-05-20,2.7286457555675514,+5.8% vs this route's past average,+3.7% vs similar-length routes this week,Yes,,No matching note found for this route or date range. Cost rise looks unexplained and worth a human review.
Kolkata-Bhubaneswar,2024-05-27,2.597628983413162,+0.4% vs this route's past average,+1.8% vs similar-length routes this week,Yes,,No matching note found for this route or date range. Cost rise looks unexplained and worth a human review.
Kolkata-Bhubaneswar,2024-06-03,2.596089116674651,-0.0% vs this route's past average,+0.1% vs similar-length routes this week,No Anomaly,,Cost parameters operate within normal variance boundaries.
Kolkata-Bhubaneswar,2024-06-10,2.478999755499803,-4.8% vs this route's past average,-0.8% vs similar-length routes this week,No Anomaly,,Cost parameters operate within normal variance boundaries.
Kolkata-Bhubaneswar,2024-06-17,2.581570721604931,-0.2% vs this route's past average,-2.1% vs similar-length routes this week,No Anomaly,,Cost parameters operate within normal variance boundaries.
Kolkata-Bhubaneswar,2024-06-24,2.7010410491101418,+4.2% vs this route's past average,+2.7% vs similar-length routes this week,Yes,,No matching note found for this route or date range. Cost rise looks unexplained and worth a human review.
Kolkata-Bhubaneswar,2024-07-01,2.534140700534555,-3.0% vs this route's past average,-5.1% vs similar-length routes this week,No Anomaly,,Cost parameters operate within normal variance boundaries.
Kolkata-Bhubaneswar,2024-07-08,2.627622280669504,+1.2% vs this route's past average,+0.6% vs similar-length routes this week,Yes,,No matching note found for this route or date range. Cost rise looks unexplained and worth a human review.
Kolkata-Bhubaneswar,2024-07-15,2.682361975607663,+2.9% vs this route's past average,+2.7% vs similar-length routes this week,Yes,,No matching note found for this route or date range. Cost rise looks unexplained and worth a human review.
Kolkata-Bhubaneswar,2024-07-22,2.6514857791686284,+2.0% vs this route's past average,+2.0% vs similar-length routes this week,Yes,,No matching note found for this route or date range. Cost rise looks unexplained and worth a human review.
Kolkata-Bhubaneswar,2024-07-29,2.5851939408330304,-0.8% vs this route's past average,+1.1% vs similar-length routes this week,No Anomaly,,Cost parameters operate within normal variance boundaries.
Kolkata-Bhubaneswar,2024-08-05,2.683442841466995,+3.0% vs this route's past average,+4.7% vs similar-length routes this week,Yes,,No matching note found for this route or date range. Cost rise looks unexplained and worth a human review.
Kolkata-Bhubaneswar,2024-08-12,2.5591854574398907,-2.7% vs this route's past average,+0.0% vs similar-length routes this week,No Anomaly,,Cost parameters operate within normal variance boundaries.
Kolkata-Bhubaneswar,2024-08-19,2.6318710917053267,+0.1% vs this route's past average,-2.4% vs similar-length routes this week,No Anomaly,,Cost parameters operate within normal variance boundaries.
Kolkata-Bhubaneswar,2024-08-26,2.517594786323881,-3.9% vs this route's past average,-3.7% vs similar-length routes this week,No Anomaly,,Cost parameters operate within normal variance boundaries.
Kolkata-Bhubaneswar,2024-09-02,2.547045448831003,-2.7% vs this route's past average,+0.6% vs similar-length routes this week,No Anomaly,,Cost parameters operate within normal variance boundaries.
Kolkata-Bhubaneswar,2024-09-09,2.57777508366543,-1.1% vs this route's past average,-0.7% vs similar-length routes this week,No Anomaly,,Cost parameters operate within normal variance boundaries.
Kolkata-Bhubaneswar,2024-09-16,2.694294179134057,+3.9% vs this route's past average,+3.2% vs similar-length routes this week,Yes,,No matching note found for this route or date range. Cost rise looks unexplained and worth a human review.
Kolkata-Bhubaneswar,2024-09-23,2.718097752715021,+4.6% vs this route's past average,+6.5% vs similar-length routes this week,Yes,,No matching note found for this route or date range. Cost rise looks unexplained and worth a human review.
Kolkata-Bhubaneswar,2024-09-30,2.700442701139059,+3.2% vs this route's past average,+6.4% vs similar-length routes this week,Yes,,No matching note found for this route or date range. Cost rise looks unexplained and worth a human review.
Kolkata-Bhubaneswar,2024-10-07,2.700610301732372,+3.1% vs this route's past average,+5.1% vs similar-length routes this week,Yes,,No matching note found for this route or date range. Cost rise looks unexplained and worth a human review.
Kolkata-Bhubaneswar,2024-10-14,2.6213625095593214,-0.6% vs this route's past average,+4.0% vs similar-length routes this week,No Anomaly,,Cost parameters operate within normal variance boundaries.
Kolkata-Bhubaneswar,2024-10-21,2.673248862571006,+1.5% vs this route's past average,+2.1% vs similar-length routes this week,Yes,,No matching note found for this route or date range. Cost rise looks unexplained and worth a human review.
Kolkata-Bhubaneswar,2024-10-28,2.5274177327613976,-4.8% vs this route's past average,-4.5% vs similar-length routes this week,No Anomaly,,Cost parameters operate within normal variance boundaries.
Kolkata-Bhubaneswar,2024-11-04,2.561542231179923,-3.4% vs this route's past average,-2.0% vs similar-length routes this week,No Anomaly,,Cost parameters operate within normal variance boundaries.
Kolkata-Bhubaneswar,2024-11-11,2.6061941346362403,-1.6% vs this route's past average,-1.6% vs similar-length routes this week,No Anomaly,,Cost parameters operate within normal variance boundaries.
Kolkata-Bhubaneswar,2024-11-18,2.54663071937553,-3.5% vs this route's past average,-5.1% vs similar-length routes this week,No Anomaly,,Cost parameters operate within normal variance boundaries.
Kolkata-Bhubaneswar,2024-11-25,2.6656335977785304,+1.9% vs this route's past average,+0.6% vs similar-length routes this week,Yes,,No matching note found for this route or date range. Cost rise looks unexplained and worth a human review.
Kolkata-Bhubaneswar,2024-12-02,2.563355702689703,-1.9% vs this route's past average,-0.4% vs similar-length routes this week,No Anomaly,,Cost parameters operate within normal variance boundaries.
Kolkata-Bhubaneswar,2024-12-09,2.5069657675659527,-3.4% vs this route's past average,-1.6% vs similar-length routes this week,No Anomaly,,Cost parameters operate within normal variance boundaries.
Kolkata-Bhubaneswar,2024-12-16,2.5856656695354814,+0.2% vs this route's past average,+1.9% vs similar-length routes this week,Yes,,No matching note found for this route or date range. Cost rise looks unexplained and worth a human review.
Kolkata-Bhubaneswar,2024-12-23,2.6988091974433304,+5.0% vs this route's past average,+1.0% vs similar-length routes this week,Yes,,No matching note found for this route or date range. Cost rise looks unexplained and worth a human review.
Kolkata-Bhubaneswar,2024-12-30,2.626607838140101,+1.3% vs this route's past average,+0.9% vs similar-length routes this week,Yes,,No matching note found for this route or date range. Cost rise looks unexplained and worth a human review.
Kolkata-Bhubaneswar,2025-01-06,2.5122445011619545,-3.4% vs this route's past average,-4.0% vs similar-length routes this week,No Anomaly,,Cost parameters operate within normal variance boundaries.
Kolkata-Bhubaneswar,2025-01-13,2.654971370436552,+2.6% vs this route's past average,+2.3% vs similar-length routes this week,Yes,,No matching note found for this route or date range. Cost rise looks unexplained and worth a human review.
Kolkata-Bhubaneswar,2025-01-20,2.574743930783983,-1.0% vs this route's past average,-16.5% vs similar-length routes this week,No Anomaly,,Cost parameters operate within normal variance boundaries.
Kolkata-Bhubaneswar,2025-01-27,2.572195152038488,-0.7% vs this route's past average,-0.4% vs similar-length routes this week,No Anomaly,,Cost parameters operate within normal variance boundaries.
Kolkata-Bhubaneswar,2025-02-03,2.5426760004245,-1.9% vs this route's past average,-1.0% vs similar-length routes this week,No Anomaly,,Cost parameters operate within normal variance boundaries.
Kolkata-Bhubaneswar,2025-02-10,2.634969996464771,+1.5% vs this route's past average,+4.1% vs similar-length routes this week,Yes,,No matching note found for this route or date range. Cost rise looks unexplained and worth a human review.
Kolkata-Bhubaneswar,2025-02-17,2.645677631291354,+1.7% vs this route's past average,+0.2% vs similar-length routes this week,Yes,,No matching note found for this route or date range. Cost rise looks unexplained and worth a human review.
Kolkata-Bhubaneswar,2025-02-24,2.663533387021672,+2.6% vs this route's past average,-16.0% vs similar-length routes this week,No Anomaly,,Cost parameters operate within normal variance boundaries.
Kolkata-Bhubaneswar,2025-03-03,2.677049639802744,+3.0% vs this route's past average,-9.4% vs similar-length routes this week,No Anomaly,,Cost parameters operate within normal variance boundaries.
Kolkata-Bhubaneswar,2025-03-10,2.7002512342042104,+3.0% vs this route's past average,-16.2% vs similar-length routes this week,No Anomaly,,Cost parameters operate within normal variance boundaries.
Kolkata-Bhubaneswar,2025-03-17,2.539579826421529,-3.3% vs this route's past average,-16.4% vs similar-length routes this week,No Anomaly,,Cost parameters operate within normal variance boundaries.
Kolkata-Bhubaneswar,2025-03-24,2.606550900068637,-0.6% vs this route's past average,+3.0% vs similar-length routes this week,No Anomaly,,Cost parameters operate within normal variance boundaries.
Kolkata-Bhubaneswar,2025-03-31,2.645876176918787,+0.7% vs this route's past average,-1.1% vs similar-length routes this week,No Anomaly,,Cost parameters operate within normal variance boundaries.
Kolkata-Bhubaneswar,2025-04-07,2.5816222132229054,-2.2% vs this route's past average,-0.8% vs similar-length routes this week,No Anomaly,,Cost parameters operate within normal variance boundaries.
Kolkata-Bhubaneswar,2025-04-14,2.5716005493059986,-2.3% vs this route's past average,+0.7% vs similar-length routes this week,No Anomaly,,Cost parameters operate within normal variance boundaries.
Kolkata-Bhubaneswar,2025-04-21,2.5961235957985638,-1.0% vs this route's past average,+0.2% vs similar-length routes this week,No Anomaly,,Cost parameters operate within normal variance boundaries.
Kolkata-Bhubaneswar,2025-04-28,2.578465849460377,-1.4% vs this route's past average,-3.5% vs similar-length routes this week,No Anomaly,,Cost parameters operate within normal variance boundaries.
Kolkata-Bhubaneswar,2025-05-05,2.7342975930522755,+5.1% vs this route's past average,-1.1% vs similar-length routes this week,No Anomaly,,Cost parameters operate within normal variance boundaries.
Kolkata-Bhubaneswar,2025-05-12,2.6271794920628877,+0.8% vs this route's past average,-3.6% vs similar-length routes this week,No Anomaly,,Cost parameters operate within normal variance boundaries.
Kolkata-Bhubaneswar,2025-05-19,2.765466584240728,+5.6% vs this route's past average,+1.8% vs similar-length routes this week,Yes,,No matching note found for this route or date range. Cost rise looks unexplained and worth a human review.
Kolkata-Bhubaneswar,2025-05-26,2.8362225471543887,+7.5% vs this route's past average,+5.7% vs similar-length routes this week,Yes,,No matching note found for this route or date range. Cost rise looks unexplained and worth a human review.
Kolkata-Bhubaneswar,2025-06-02,2.702547142887977,+1.5% vs this route's past average,-2.4% vs similar-length routes this week,No Anomaly,,Cost parameters operate within normal variance boundaries.
Kolkata-Bhubaneswar,2025-06-09,2.678458683233917,+0.1% vs this route's past average,-3.7% vs similar-length routes this week,No Anomaly,,Cost parameters operate within normal variance boundaries.
Kolkata-Bhubaneswar,2025-06-16,2.6756483932134807,-0.5% vs this route's past average,-6.9% vs similar-length routes this week,No Anomaly,,Cost parameters operate within normal variance boundaries.
Kolkata-Bhubaneswar,2025-06-23,2.729506582466018,+1.1% vs this route's past average,-2.5% vs similar-length routes this week,No Anomaly,,Cost parameters operate within normal variance boundaries.
Kolkata-Bhubaneswar,2025-06-30,2.759303328269972,+1.5% vs this route's past average,+1.2% vs similar-length routes this week,Yes,,No matching note found for this route or date range. Cost rise looks unexplained and worth a human review.
Kolkata-Bhubaneswar,2025-07-07,2.852068273046908,+4.8% vs this route's past average,+2.9% vs similar-length routes this week,Yes,,No matching note found for this route or date range. Cost rise looks unexplained and worth a human review.
Kolkata-Bhubaneswar,2025-07-14,2.721436749905332,-1.0% vs this route's past average,+0.1% vs similar-length routes this week,No Anomaly,,Cost parameters operate within normal variance boundaries.
Kolkata-Bhubaneswar,2025-07-21,2.7274334611934448,-0.6% vs this route's past average,-4.3% vs similar-length routes this week,No Anomaly,,Cost parameters operate within normal variance boundaries.
Kolkata-Bhubaneswar,2025-07-28,2.7182154215192784,-0.5% vs this route's past average,+0.3% vs similar-length routes this week,No Anomaly,,Cost parameters operate within normal variance boundaries.
Kolkata-Bhubaneswar,2025-08-04,2.677900416318116,-2.0% vs this route's past average,-3.0% vs similar-length routes this week,No Anomaly,,Cost parameters operate within normal variance boundaries.
Kolkata-Bhubaneswar,2025-08-11,2.7587943861249724,+1.0% vs this route's past average,+1.6% vs similar-length routes this week,Yes,,No matching note found for this route or date range. Cost rise looks unexplained and worth a human review.
Kolkata-Bhubaneswar,2025-08-18,2.846874438492569,+3.8% vs this route's past average,+3.9% vs similar-length routes this week,Yes,,No matching note found for this route or date range. Cost rise looks unexplained and worth a human review.
Kolkata-Bhubaneswar,2025-08-25,2.8325605730247547,+2.7% vs this route's past average,+4.5% vs similar-length routes this week,Yes,,No matching note found for this route or date range. Cost rise looks unexplained and worth a human review.
Kolkata-Bhubaneswar,2025-09-01,2.645635030789984,-4.4% vs this route's past average,-4.5% vs similar-length routes this week,No Anomaly,,Cost parameters operate within normal variance boundaries.
Kolkata-Bhubaneswar,2025-09-08,2.753354374247689,+0.4% vs this route's past average,+3.2% vs similar-length routes this week,Yes,,No matching note found for this route or date range. Cost rise looks unexplained and worth a human review.
Kolkata-Bhubaneswar,2025-09-15,2.7915529659921683,+1.7% vs this route's past average,-2.6% vs similar-length routes this week,No Anomaly,,Cost parameters operate within normal variance boundaries.
Kolkata-Bhubaneswar,2025-09-22,2.677826816152844,-2.7% vs this route's past average,-1.5% vs similar-length routes this week,No Anomaly,,Cost parameters operate within normal variance boundaries.
Kolkata-Bhubaneswar,2025-09-29,2.8374205727457995,+3.3% vs this route's past average,+2.4% vs similar-length routes this week,Yes,,No matching note found for this route or date range. Cost rise looks unexplained and worth a human review.
Kolkata-Bhubaneswar,2025-10-06,2.878887164699027,+4.0% vs this route's past average,+4.2% vs similar-length routes this week,Yes,,No matching note found for this route or date range. Cost rise looks unexplained and worth a human review.
Kolkata-Bhubaneswar,2025-10-13,2.6808519852387644,-3.7% vs this route's past average,-3.7% vs similar-length routes this week,No Anomaly,,Cost parameters operate within normal variance boundaries.
Kolkata-Bhubaneswar,2025-10-20,2.6861318386309394,-2.8% vs this route's past average,-3.3% vs similar-length routes this week,No Anomaly,,Cost parameters operate within normal variance boundaries.
Kolkata-Bhubaneswar,2025-10-27,2.747706914373581,+0.1% vs this route's past average,+1.4% vs similar-length routes this week,Yes,,No matching note found for this route or date range. Cost rise looks unexplained and worth a human review.
Kolkata-Bhubaneswar,2025-11-03,2.8221602254208,+2.4% vs this route's past average,+1.1% vs similar-length routes this week,Yes,,No matching note found for this route or date range. Cost rise looks unexplained and worth a human review.
Kolkata-Bhubaneswar,2025-11-10,2.7312334626630537,-1.2% vs this route's past average,-0.3% vs similar-length routes this week,No Anomaly,,Cost parameters operate within normal variance boundaries.
Kolkata-Bhubaneswar,2025-11-17,2.751615479626001,-0.2% vs this route's past average,-0.9% vs similar-length routes this week,No Anomaly,,Cost parameters operate within normal variance boundaries.
Kolkata-Bhubaneswar,2025-11-24,2.72369443404918,-1.6% vs this route's past average,+0.8% vs similar-length routes this week,No Anomaly,,Cost parameters operate within normal variance boundaries.
Kolkata-Bhubaneswar,2025-12-01,2.71482571111772,-1.4% vs this route's past average,-3.9% vs similar-length routes this week,No Anomaly,,Cost parameters operate within normal variance boundaries.
Kolkata-Bhubaneswar,2025-12-08,2.8192879485402798,+3.2% vs this route's past average,+0.1% vs similar-length routes this week,Yes,,No matching note found for this route or date range. Cost rise looks unexplained and worth a human review.
Kolkata-Bhubaneswar,2025-12-15,2.72712972417431,-0.8% vs this route's past average,-2.6% vs similar-length routes this week,No Anomaly,,Cost parameters operate within normal variance boundaries.
Kolkata-Bhubaneswar,2025-12-22,2.8373262971435187,+3.0% vs this route's past average,+2.1% vs similar-length routes this week,Yes,,No matching note found for this route or date range. Cost rise looks unexplained and worth a human review.
Mumbai-Delhi,2024-01-01,2.052382241207193,+0.0% vs this route's past average,+4.9% vs similar-length routes this week,No Anomaly,,Cost parameters operate within normal variance boundaries.
Mumbai-Delhi,2024-01-08,2.102876555335229,+2.5% vs this route's past average,+0.2% vs similar-length routes this week,Yes,,No matching note found for this route or date range. Cost rise looks unexplained and worth a human review.
Mumbai-Delhi,2024-01-15,2.050266709738524,-1.3% vs this route's past average,-4.5% vs similar-length routes this week,No Anomaly,,Cost parameters operate within normal variance boundaries.
Mumbai-Delhi,2024-01-22,2.068174821338809,-0.0% vs this route's past average,+2.0% vs similar-length routes this week,No Anomaly,,Cost parameters operate within normal variance boundaries.
Mumbai-Delhi,2024-01-29,2.0012142669386748,-3.2% vs this route's past average,+0.0% vs similar-length routes this week,No Anomaly,,Cost parameters operate within normal variance boundaries.
Mumbai-Delhi,2024-02-05,2.0595626263211875,+0.2% vs this route's past average,-7.3% vs similar-length routes this week,No Anomaly,,Cost parameters operate within normal variance boundaries.
Mumbai-Delhi,2024-02-12,2.08940408765188,+1.6% vs this route's past average,+2.2% vs similar-length routes this week,Yes,,No matching note found for this route or date range. Cost rise looks unexplained and worth a human review.
Mumbai-Delhi,2024-02-19,1.9841412056844685,-3.7% vs this route's past average,-7.0% vs similar-length routes this week,No Anomaly,,Cost parameters operate within normal variance boundaries.
Mumbai-Delhi,2024-02-26,1.97268809637218,-3.8% vs this route's past average,-6.4% vs similar-length routes this week,No Anomaly,,Cost parameters operate within normal variance boundaries.
Mumbai-Delhi,2024-03-04,1.9799555013074297,-3.0% vs this route's past average,-3.5% vs similar-length routes this week,No Anomaly,,Cost parameters operate within normal variance boundaries.
Mumbai-Delhi,2024-03-11,2.02201721830256,-0.2% vs this route's past average,+0.1% vs similar-length routes this week,No Anomaly,,Cost parameters operate within normal variance boundaries.
Mumbai-Delhi,2024-03-18,2.061960495188942,+2.0% vs this route's past average,-6.8% vs similar-length routes this week,No Anomaly,,Cost parameters operate within normal variance boundaries.
Mumbai-Delhi,2024-03-25,2.0472240164517324,+1.3% vs this route's past average,-0.2% vs similar-length routes this week,No Anomaly,,Cost parameters operate within normal variance boundaries.
Mumbai-Delhi,2024-04-01,1.998320063003556,-1.4% vs this route's past average,-2.0% vs similar-length routes this week,No Anomaly,,Cost parameters operate within normal variance boundaries.
Mumbai-Delhi,2024-04-08,1.967855048593877,-2.6% vs this route's past average,-9.5% vs similar-length routes this week,No Anomaly,,Cost parameters operate within normal variance boundaries.
Mumbai-Delhi,2024-04-15,2.073192196508584,+3.4% vs this route's past average,-5.3% vs similar-length routes this week,No Anomaly,,Cost parameters operate within normal variance boundaries.
Mumbai-Delhi,2024-04-22,2.099186370675652,+4.2% vs this route's past average,+2.9% vs similar-length routes this week,Yes,,No matching note found for this route or date range. Cost rise looks unexplained and worth a human review.
Mumbai-Delhi,2024-04-29,2.1109310196705318,+3.9% vs this route's past average,+3.4% vs similar-length routes this week,Yes,,No matching note found for this route or date range. Cost rise looks unexplained and worth a human review.
Mumbai-Delhi,2024-05-06,1.964293649087808,-4.1% vs this route's past average,-3.6% vs similar-length routes this week,No Anomaly,,Cost parameters operate within normal variance boundaries.
Mumbai-Delhi,2024-05-13,2.0495326719754328,+0.4% vs this route's past average,-4.5% vs similar-length routes this week,No Anomaly,,Cost parameters operate within normal variance boundaries.
Mumbai-Delhi,2024-05-20,2.1206043074671426,+4.0% vs this route's past average,-3.3% vs similar-length routes this week,No Anomaly,,Cost parameters operate within normal variance boundaries.
Mumbai-Delhi,2024-05-27,2.108797847359104,+3.0% vs this route's past average,+0.9% vs similar-length routes this week,Yes,,No matching note found for this route or date range. Cost rise looks unexplained and worth a human review.
Mumbai-Delhi,2024-06-03,2.0870296919469875,+1.2% vs this route's past average,-4.1% vs similar-length routes this week,No Anomaly,,Cost parameters operate within normal variance boundaries.
Mumbai-Delhi,2024-06-10,1.972623781028769,-5.0% vs this route's past average,-9.7% vs similar-length routes this week,No Anomaly,,Cost parameters operate within normal variance boundaries.
Mumbai-Delhi,2024-06-17,2.096020278615551,+1.5% vs this route's past average,-4.3% vs similar-length routes this week,No Anomaly,,Cost parameters operate within normal variance boundaries.
Mumbai-Delhi,2024-06-24,2.0925849110903694,+1.4% vs this route's past average,+0.4% vs similar-length routes this week,Yes,,No matching note found for this route or date range. Cost rise looks unexplained and worth a human review.
Mumbai-Delhi,2024-07-01,1.9681337566355896,-4.5% vs this route's past average,-7.1% vs similar-length routes this week,No Anomaly,,Cost parameters operate within normal variance boundaries.
Mumbai-Delhi,2024-07-08,2.08263284831424,+1.0% vs this route's past average,-2.1% vs similar-length routes this week,No Anomaly,,Cost parameters operate within normal variance boundaries.
Mumbai-Delhi,2024-07-15,2.025338557785503,-2.0% vs this route's past average,-5.4% vs similar-length routes this week,No Anomaly,,Cost parameters operate within normal variance boundaries.
Mumbai-Delhi,2024-07-22,2.101169727476897,+2.3% vs this route's past average,+8.0% vs similar-length routes this week,Yes,,No matching note found for this route or date range. Cost rise looks unexplained and worth a human review.
Mumbai-Delhi,2024-07-29,2.061764112371173,+0.4% vs this route's past average,+3.4% vs similar-length routes this week,Yes,,No matching note found for this route or date range. Cost rise looks unexplained and worth a human review.
Mumbai-Delhi,2024-08-05,2.0296150348403628,-1.0% vs this route's past average,+1.6% vs similar-length routes this week,No Anomaly,,Cost parameters operate within normal variance boundaries.
Mumbai-Delhi,2024-08-12,1.9964214460274388,-3.0% vs this route's past average,-4.9% vs similar-length routes this week,No Anomaly,,Cost parameters operate within normal variance boundaries.
Mumbai-Delhi,2024-08-19,2.0375604827989577,-0.3% vs this route's past average,-1.6% vs similar-length routes this week,No Anomaly,,Cost parameters operate within normal variance boundaries.
Mumbai-Delhi,2024-08-26,1.9834228676600425,-2.7% vs this route's past average,-6.6% vs similar-length routes this week,No Anomaly,,Cost parameters operate within normal variance boundaries.
Mumbai-Delhi,2024-09-02,1.9756965289461963,-3.1% vs this route's past average,-6.4% vs similar-length routes this week,No Anomaly,,Cost parameters operate within normal variance boundaries.
Mumbai-Delhi,2024-09-09,1.9857427660457436,-2.0% vs this route's past average,-6.3% vs similar-length routes this week,No Anomaly,,Cost parameters operate within normal variance boundaries.
Mumbai-Delhi,2024-09-16,2.0552727226608862,+1.7% vs this route's past average,-4.3% vs similar-length routes this week,No Anomaly,,Cost parameters operate within normal variance boundaries.
Mumbai-Delhi,2024-09-23,2.0392874624896247,+1.2% vs this route's past average,-3.6% vs similar-length routes this week,No Anomaly,,Cost parameters operate within normal variance boundaries.
Mumbai-Delhi,2024-09-30,2.062061319555805,+2.4% vs this route's past average,-0.2% vs similar-length routes this week,No Anomaly,,Cost parameters operate within normal variance boundaries.
Mumbai-Delhi,2024-10-07,2.130967172753701,+5.7% vs this route's past average,+7.0% vs similar-length routes this week,Yes,,No matching note found for this route or date range. Cost rise looks unexplained and worth a human review.
Mumbai-Delhi,2024-10-14,2.039295695727354,+0.3% vs this route's past average,-6.9% vs similar-length routes this week,No Anomaly,,Cost parameters operate within normal variance boundaries.
Mumbai-Delhi,2024-10-21,1.97307510338746,-3.0% vs this route's past average,-9.5% vs similar-length routes this week,No Anomaly,,Cost parameters operate within normal variance boundaries.
Mumbai-Delhi,2024-10-28,2.0035287548242557,-1.4% vs this route's past average,-2.0% vs similar-length routes this week,No Anomaly,,Cost parameters operate within normal variance boundaries.
Mumbai-Delhi,2024-11-04,2.018125147598922,-0.9% vs this route's past average,-5.6% vs similar-length routes this week,No Anomaly,,Cost parameters operate within normal variance boundaries.
Mumbai-Delhi,2024-11-11,2.100210444340857,+2.9% vs this route's past average,+2.9% vs similar-length routes this week,Yes,,No matching note found for this route or date range. Cost rise looks unexplained and worth a human review.
Mumbai-Delhi,2024-11-18,2.0617867388978053,+0.8% vs this route's past average,+3.6% vs similar-length routes this week,Yes,,No matching note found for this route or date range. Cost rise looks unexplained and worth a human review.
Mumbai-Delhi,2024-11-25,1.9508277503095368,-4.8% vs this route's past average,-1.9% vs similar-length routes this week,No Anomaly,,Cost parameters operate within normal variance boundaries.
Mumbai-Delhi,2024-12-02,2.058579168082445,+1.2% vs this route's past average,+4.6% vs similar-length routes this week,Yes,,No matching note found for this route or date range. Cost rise looks unexplained and worth a human review.
Mumbai-Delhi,2024-12-09,2.0023254581647825,-1.2% vs this route's past average,-7.7% vs similar-length routes this week,No Anomaly,,Cost parameters operate within normal variance boundaries.
Mumbai-Delhi,2024-12-16,2.0000362320939207,-1.0% vs this route's past average,-1.8% vs similar-length routes this week,No Anomaly,,Cost parameters operate within normal variance boundaries.
Mumbai-Delhi,2024-12-23,2.047672049905541,+1.1% vs this route's past average,-2.0% vs similar-length routes this week,No Anomaly,,Cost parameters operate within normal variance boundaries.
Mumbai-Delhi,2024-12-30,1.9908577523945328,-1.9% vs this route's past average,-8.3% vs similar-length routes this week,No Anomaly,,Cost parameters operate within normal variance boundaries.
Mumbai-Delhi,2025-01-06,2.0804490008578123,+2.7% vs this route's past average,+3.0% vs similar-length routes this week,Yes,,No matching note found for this route or date range. Cost rise looks unexplained and worth a human review.
Mumbai-Delhi,2025-01-13,2.0268306193431203,+0.1% vs this route's past average,+1.5% vs similar-length routes this week,Yes,,No matching note found for this route or date range. Cost rise looks unexplained and worth a human review.
Mumbai-Delhi,2025-01-20,2.0873024422024207,+3.3% vs this route's past average,+6.4% vs similar-length routes this week,Yes,,No matching note found for this route or date range. Cost rise looks unexplained and worth a human review.
Mumbai-Delhi,2025-01-27,1.98231173787144,-2.7% vs this route's past average,-9.1% vs similar-length routes this week,No Anomaly,,Cost parameters operate within normal variance boundaries.
Mumbai-Delhi,2025-02-03,2.03653826209116,+0.5% vs this route's past average,-8.0% vs similar-length routes this week,No Anomaly,,Cost parameters operate within normal variance boundaries.
Mumbai-Delhi,2025-02-10,2.006206496392305,-1.2% vs this route's past average,-1.6% vs similar-length routes this week,No Anomaly,,Cost parameters operate within normal variance boundaries.
Mumbai-Delhi,2025-02-17,1.983304462451565,-2.4% vs this route's past average,-10.6% vs similar-length routes this week,No Anomaly,,Cost parameters operate within normal variance boundaries.
Mumbai-Delhi,2025-02-24,2.0549150439013277,+1.5% vs this route's past average,-1.0% vs similar-length routes this week,No Anomaly,,Cost parameters operate within normal variance boundaries.
Mumbai-Delhi,2025-03-03,2.022539589131959,-0.5% vs this route's past average,-6.0% vs similar-length routes this week,No Anomaly,,Cost parameters operate within normal variance boundaries.
Mumbai-Delhi,2025-03-10,2.053326282592136,+1.4% vs this route's past average,-3.1% vs similar-length routes this week,No Anomaly,,Cost parameters operate within normal variance boundaries.
Mumbai-Delhi,2025-03-17,2.0519994011357667,+1.2% vs this route's past average,-1.4% vs similar-length routes this week,No Anomaly,,Cost parameters operate within normal variance boundaries.
Mumbai-Delhi,2025-03-24,2.0565980261624293,+1.6% vs this route's past average,+3.5% vs similar-length routes this week,Yes,,No matching note found for this route or date range. Cost rise looks unexplained and worth a human review.
Mumbai-Delhi,2025-03-31,2.031287160346024,-0.1% vs this route's past average,-0.8% vs similar-length routes this week,No Anomaly,,Cost parameters operate within normal variance boundaries.
Mumbai-Delhi,2025-04-07,2.030538498899632,-0.1% vs this route's past average,-8.1% vs similar-length routes this week,No Anomaly,,Cost parameters operate within normal variance boundaries.
Mumbai-Delhi,2025-04-14,1.9913129731886885,-2.2% vs this route's past average,+0.4% vs similar-length routes this week,No Anomaly,,Cost parameters operate within normal variance boundaries.
Mumbai-Delhi,2025-04-21,2.0037957816375025,-1.6% vs this route's past average,-2.9% vs similar-length routes this week,No Anomaly,,Cost parameters operate within normal variance boundaries.
Mumbai-Delhi,2025-04-28,1.9858355891948452,-2.2% vs this route's past average,-4.0% vs similar-length routes this week,No Anomaly,,Cost parameters operate within normal variance boundaries.
Mumbai-Delhi,2025-05-05,2.1727587123493297,+7.3% vs this route's past average,-1.2% vs similar-length routes this week,No Anomaly,,Cost parameters operate within normal variance boundaries.
Mumbai-Delhi,2025-05-12,2.277680865830098,+11.6% vs this route's past average,+6.7% vs similar-length routes this week,Yes,,No matching note found for this route or date range. Cost rise looks unexplained and worth a human review.
Mumbai-Delhi,2025-05-19,2.1196842350954443,+2.5% vs this route's past average,+0.5% vs similar-length routes this week,Yes,,No matching note found for this route or date range. Cost rise looks unexplained and worth a human review.
Mumbai-Delhi,2025-05-26,2.1875109585085437,+5.3% vs this route's past average,+3.6% vs similar-length routes this week,Yes,,No matching note found for this route or date range. Cost rise looks unexplained and worth a human review.
Mumbai-Delhi,2025-06-02,2.257285709526182,+7.7% vs this route's past average,+9.4% vs similar-length routes this week,Yes,,No matching note found for this route or date range. Cost rise looks unexplained and worth a human review.
Mumbai-Delhi,2025-06-09,2.210004587207286,+4.0% vs this route's past average,+0.5% vs similar-length routes this week,Yes,,No matching note found for this route or date range. Cost rise looks unexplained and worth a human review.
Mumbai-Delhi,2025-06-16,2.2497444693222155,+4.6% vs this route's past average,+9.3% vs similar-length routes this week,Yes,,No matching note found for this route or date range. Cost rise looks unexplained and worth a human review.
Mumbai-Delhi,2025-06-23,2.224010474346948,+1.9% vs this route's past average,+8.7% vs similar-length routes this week,Yes,,No matching note found for this route or date range. Cost rise looks unexplained and worth a human review.
Mumbai-Delhi,2025-06-30,2.1349042302416272,-3.5% vs this route's past average,-0.9% vs similar-length routes this week,No Anomaly,,Cost parameters operate within normal variance boundaries.
Mumbai-Delhi,2025-07-07,2.116471985467619,-4.1% vs this route's past average,+7.0% vs similar-length routes this week,No Anomaly,,Cost parameters operate within normal variance boundaries.
Mumbai-Delhi,2025-07-14,2.1169412185892087,-3.2% vs this route's past average,-2.5% vs similar-length routes this week,No Anomaly,,Cost parameters operate within normal variance boundaries.
Mumbai-Delhi,2025-07-21,2.205660155814617,+0.8% vs this route's past average,+8.2% vs similar-length routes this week,Yes,,No matching note found for this route or date range. Cost rise looks unexplained and worth a human review.
Mumbai-Delhi,2025-07-28,2.2308588873462982,+1.9% vs this route's past average,+8.2% vs similar-length routes this week,Yes,,No matching note found for this route or date range. Cost rise looks unexplained and worth a human review.
Mumbai-Delhi,2025-08-04,2.1098241131442768,-3.5% vs this route's past average,-3.1% vs similar-length routes this week,No Anomaly,,Cost parameters operate within normal variance boundaries.
Mumbai-Delhi,2025-08-11,2.1616477633608566,-0.5% vs this route's past average,+8.8% vs similar-length routes this week,No Anomaly,,Cost parameters operate within normal variance boundaries.
Mumbai-Delhi,2025-08-18,2.2240533427724345,+2.8% vs this route's past average,+10.7% vs similar-length routes this week,Yes,,No matching note found for this route or date range. Cost rise looks unexplained and worth a human review.
Mumbai-Delhi,2025-08-25,2.101999487344841,-2.8% vs this route's past average,+4.2% vs similar-length routes this week,No Anomaly,,Cost parameters operate within normal variance boundaries.
Mumbai-Delhi,2025-09-01,2.1727684310359154,+0.7% vs this route's past average,+2.0% vs similar-length routes this week,Yes,,No matching note found for this route or date range. Cost rise looks unexplained and worth a human review.
Mumbai-Delhi,2025-09-08,2.0958731036023983,-3.2% vs this route's past average,-2.4% vs similar-length routes this week,No Anomaly,,Cost parameters operate within normal variance boundaries.
Mumbai-Delhi,2025-09-15,2.175696236435805,+0.6% vs this route's past average,+5.8% vs similar-length routes this week,Yes,,No matching note found for this route or date range. Cost rise looks unexplained and worth a human review.
Mumbai-Delhi,2025-09-22,2.2176597534882503,+2.7% vs this route's past average,+11.9% vs similar-length routes this week,Yes,,No matching note found for this route or date range. Cost rise looks unexplained and worth a human review.
Mumbai-Delhi,2025-09-29,2.184463149978113,+1.3% vs this route's past average,+4.8% vs similar-length routes this week,Yes,,No matching note found for this route or date range. Cost rise looks unexplained and worth a human review.
Mumbai-Delhi,2025-10-06,2.2658823796579117,+4.6% vs this route's past average,+7.5% vs similar-length routes this week,Yes,,No matching note found for this route or date range. Cost rise looks unexplained and worth a human review.
Mumbai-Delhi,2025-10-13,2.1430335910371303,-1.7% vs this route's past average,+4.4% vs similar-length routes this week,No Anomaly,,Cost parameters operate within normal variance boundaries.
Mumbai-Delhi,2025-10-20,2.1101277437447123,-2.7% vs this route's past average,+2.0% vs similar-length routes this week,No Anomaly,,Cost parameters operate within normal variance boundaries.
Mumbai-Delhi,2025-10-27,2.1195825436649893,-2.4% vs this route's past average,-2.8% vs similar-length routes this week,No Anomaly,,Cost parameters operate within normal variance boundaries.
Mumbai-Delhi,2025-11-03,2.1308219660231518,-1.5% vs this route's past average,+4.7% vs similar-length routes this week,No Anomaly,,Cost parameters operate within normal variance boundaries.
Mumbai-Delhi,2025-11-10,2.115029716790139,-2.5% vs this route's past average,-3.8% vs similar-length routes this week,No Anomaly,,Cost parameters operate within normal variance boundaries.
Mumbai-Delhi,2025-11-17,2.1081283753458364,-2.4% vs this route's past average,+5.4% vs similar-length routes this week,No Anomaly,,Cost parameters operate within normal variance boundaries.
Mumbai-Delhi,2025-11-24,2.2381856325864686,+4.2% vs this route's past average,+10.3% vs similar-length routes this week,Yes,,No matching note found for this route or date range. Cost rise looks unexplained and worth a human review.
Mumbai-Delhi,2025-12-01,2.1501775422169533,-0.2% vs this route's past average,+3.8% vs similar-length routes this week,No Anomaly,,Cost parameters operate within normal variance boundaries.
Mumbai-Delhi,2025-12-08,2.165595758910522,+1.2% vs this route's past average,+9.2% vs similar-length routes this week,Yes,,No matching note found for this route or date range. Cost rise looks unexplained and worth a human review.
Mumbai-Delhi,2025-12-15,2.14394799414601,+0.1% vs this route's past average,+9.0% vs similar-length routes this week,Yes,,No matching note found for this route or date range. Cost rise looks unexplained and worth a human review.
Mumbai-Delhi,2025-12-22,2.215853146357839,+3.2% vs this route's past average,+11.3% vs similar-length routes this week,Yes,,No matching note found for this route or date range. Cost rise looks unexplained and worth a human review.
Mumbai-Pune,2024-01-01,3.3012764038642617,+0.0% vs this route's past average,+10.0% vs similar-length routes this week,No Anomaly,,Cost parameters operate within normal variance boundaries.
Mumbai-Pune,2024-01-08,3.3819401535881366,+2.4% vs this route's past average,+10.8% vs similar-length routes this week,Yes,,No matching note found for this route or date range. Cost rise looks unexplained and worth a human review.
Mumbai-Pune,2024-01-15,3.411523328211459,+2.1% vs this route's past average,+13.0% vs similar-length routes this week,Yes,,No matching note found for this route or date range. Cost rise looks unexplained and worth a human review.
Mumbai-Pune,2024-01-22,3.378891559642258,+0.4% vs this route's past average,+13.0% vs similar-length routes this week,Yes,,No matching note found for this route or date range. Cost rise looks unexplained and worth a human review.
Mumbai-Pune,2024-01-29,3.279357822939943,-2.6% vs this route's past average,+2.7% vs similar-length routes this week,No Anomaly,,Cost parameters operate within normal variance boundaries.
Mumbai-Pune,2024-02-05,3.2905167729253826,-1.8% vs this route's past average,+9.0% vs similar-length routes this week,No Anomaly,,Cost parameters operate within normal variance boundaries.
Mumbai-Pune,2024-02-12,3.280938092322783,-1.8% vs this route's past average,+5.4% vs similar-length routes this week,No Anomaly,,Cost parameters operate within normal variance boundaries.
Mumbai-Pune,2024-02-19,3.380257680814391,+1.4% vs this route's past average,+12.9% vs similar-length routes this week,Yes,,No matching note found for this route or date range. Cost rise looks unexplained and worth a human review.
Mumbai-Pune,2024-02-26,3.249925923123964,-2.6% vs this route's past average,+5.0% vs similar-length routes this week,No Anomaly,,Cost parameters operate within normal variance boundaries.
Mumbai-Pune,2024-03-04,3.40988377758577,+2.3% vs this route's past average,+13.6% vs similar-length routes this week,Yes,,No matching note found for this route or date range. Cost rise looks unexplained and worth a human review.
Mumbai-Pune,2024-03-11,3.3410955755219525,+0.2% vs this route's past average,+7.3% vs similar-length routes this week,Yes,,No matching note found for this route or date range. Cost rise looks unexplained and worth a human review.
Mumbai-Pune,2024-03-18,3.4145690569706963,+2.7% vs this route's past average,+10.9% vs similar-length routes this week,Yes,,No matching note found for this route or date range. Cost rise looks unexplained and worth a human review.
Mumbai-Pune,2024-03-25,3.5335160282395406,+6.1% vs this route's past average,+11.3% vs similar-length routes this week,Yes,,No matching note found for this route or date range. Cost rise looks unexplained and worth a human review.
Mumbai-Pune,2024-04-01,3.3289607115279054,-1.0% vs this route's past average,+11.3% vs similar-length routes this week,No Anomaly,,Cost parameters operate within normal variance boundaries.
Mumbai-Pune,2024-04-08,3.4927382217499114,+3.7% vs this route's past average,+11.7% vs similar-length routes this week,Yes,,No matching note found for this route or date range. Cost rise looks unexplained and worth a human review.
Mumbai-Pune,2024-04-15,3.5704215300961137,+5.2% vs this route's past average,+11.5% vs similar-length routes this week,Yes,,No matching note found for this route or date range. Cost rise looks unexplained and worth a human review.
Mumbai-Pune,2024-04-22,3.325498646456372,-2.7% vs this route's past average,+8.7% vs similar-length routes this week,No Anomaly,,Cost parameters operate within normal variance boundaries.
Mumbai-Pune,2024-04-29,3.515863395765816,+2.6% vs this route's past average,+14.4% vs similar-length routes this week,Yes,,No matching note found for this route or date range. Cost rise looks unexplained and worth a human review.
Mumbai-Pune,2024-05-06,3.5040233403720964,+1.9% vs this route's past average,+13.2% vs similar-length routes this week,Yes,,No matching note found for this route or date range. Cost rise looks unexplained and worth a human review.
Mumbai-Pune,2024-05-13,3.302187408752174,-4.6% vs this route's past average,+7.9% vs similar-length routes this week,No Anomaly,,Cost parameters operate within normal variance boundaries.
Mumbai-Pune,2024-05-20,3.342850460240507,-3.0% vs this route's past average,+9.4% vs similar-length routes this week,No Anomaly,,Cost parameters operate within normal variance boundaries.
Mumbai-Pune,2024-05-27,3.4444426250684543,+0.6% vs this route's past average,+10.9% vs similar-length routes this week,Yes,,No matching note found for this route or date range. Cost rise looks unexplained and worth a human review.
Mumbai-Pune,2024-06-03,3.3796997914371216,-1.7% vs this route's past average,+7.6% vs similar-length routes this week,No Anomaly,,Cost parameters operate within normal variance boundaries.
Mumbai-Pune,2024-06-10,3.533583271479157,+3.2% vs this route's past average,+16.6% vs similar-length routes this week,Yes,,No matching note found for this route or date range. Cost rise looks unexplained and worth a human review.
Mumbai-Pune,2024-06-17,3.3313720545795857,-2.5% vs this route's past average,+4.9% vs similar-length routes this week,No Anomaly,,Cost parameters operate within normal variance boundaries.
Mumbai-Pune,2024-06-24,3.349996680144117,-2.0% vs this route's past average,+8.1% vs similar-length routes this week,No Anomaly,,Cost parameters operate within normal variance boundaries.
Mumbai-Pune,2024-07-01,3.366901029805101,-0.9% vs this route's past average,+5.5% vs similar-length routes this week,No Anomaly,,Cost parameters operate within normal variance boundaries.
Mumbai-Pune,2024-07-08,3.545795292762744,+4.9% vs this route's past average,+13.8% vs similar-length routes this week,Yes,,No matching note found for this route or date range. Cost rise looks unexplained and worth a human review.
Mumbai-Pune,2024-07-15,3.4441386306349915,+0.9% vs this route's past average,+11.5% vs similar-length routes this week,Yes,,No matching note found for this route or date range. Cost rise looks unexplained and worth a human review.
Mumbai-Pune,2024-07-22,3.5158347883043497,+2.7% vs this route's past average,+12.4% vs similar-length routes this week,Yes,,No matching note found for this route or date range. Cost rise looks unexplained and worth a human review.
Mumbai-Pune,2024-07-29,3.3899678886899896,-1.3% vs this route's past average,+7.7% vs similar-length routes this week,No Anomaly,,Cost parameters operate within normal variance boundaries.
Mumbai-Pune,2024-08-05,3.3705491485856367,-1.9% vs this route's past average,+10.3% vs similar-length routes this week,No Anomaly,,Cost parameters operate within normal variance boundaries.
Mumbai-Pune,2024-08-12,3.345202517962739,-2.0% vs this route's past average,+11.4% vs similar-length routes this week,No Anomaly,,Cost parameters operate within normal variance boundaries.
Mumbai-Pune,2024-08-19,3.421755466927773,+0.2% vs this route's past average,+11.3% vs similar-length routes this week,Yes,,No matching note found for this route or date range. Cost rise looks unexplained and worth a human review.
Mumbai-Pune,2024-08-26,3.391552846999231,-1.0% vs this route's past average,+9.2% vs similar-length routes this week,No Anomaly,,Cost parameters operate within normal variance boundaries.
Mumbai-Pune,2024-09-02,3.287612285514496,-4.1% vs this route's past average,+6.7% vs similar-length routes this week,No Anomaly,,Cost parameters operate within normal variance boundaries.
Mumbai-Pune,2024-09-09,3.275052945172333,-3.6% vs this route's past average,+3.3% vs similar-length routes this week,No Anomaly,,Cost parameters operate within normal variance boundaries.
Mumbai-Pune,2024-09-16,3.4298100216753795,+1.6% vs this route's past average,+8.4% vs similar-length routes this week,Yes,,No matching note found for this route or date range. Cost rise looks unexplained and worth a human review.
Mumbai-Pune,2024-09-23,3.467828674477361,+3.1% vs this route's past average,+10.0% vs similar-length routes this week,Yes,,No matching note found for this route or date range. Cost rise looks unexplained and worth a human review.
Mumbai-Pune,2024-09-30,3.422260503106949,+1.4% vs this route's past average,+13.5% vs similar-length routes this week,Yes,,No matching note found for this route or date range. Cost rise looks unexplained and worth a human review.
Mumbai-Pune,2024-10-07,3.513115662648373,+3.9% vs this route's past average,+13.8% vs similar-length routes this week,Yes,,No matching note found for this route or date range. Cost rise looks unexplained and worth a human review.
Mumbai-Pune,2024-10-14,3.3544936903662665,-1.4% vs this route's past average,+8.4% vs similar-length routes this week,No Anomaly,,Cost parameters operate within normal variance boundaries.
Mumbai-Pune,2024-10-21,3.3375193199381763,-1.6% vs this route's past average,+8.4% vs similar-length routes this week,No Anomaly,,Cost parameters operate within normal variance boundaries.
Mumbai-Pune,2024-10-28,3.492012229583466,+3.1% vs this route's past average,+15.1% vs similar-length routes this week,Yes,,No matching note found for this route or date range. Cost rise looks unexplained and worth a human review.
Mumbai-Pune,2024-11-04,3.422777826960083,+0.3% vs this route's past average,+13.8% vs similar-length routes this week,Yes,,No matching note found for this route or date range. Cost rise looks unexplained and worth a human review.
Mumbai-Pune,2024-11-11,3.4477457987285045,+0.5% vs this route's past average,-17.4% vs similar-length routes this week,No Anomaly,,Cost parameters operate within normal variance boundaries.
Mumbai-Pune,2024-11-18,3.418110569454777,-0.4% vs this route's past average,-16.4% vs similar-length routes this week,No Anomaly,,Cost parameters operate within normal variance boundaries.
Mumbai-Pune,2024-11-25,3.4319454636996314,+0.2% vs this route's past average,+12.2% vs similar-length routes this week,Yes,,No matching note found for this route or date range. Cost rise looks unexplained and worth a human review.
Mumbai-Pune,2024-12-02,3.4404947051859063,+0.4% vs this route's past average,+13.0% vs similar-length routes this week,Yes,,No matching note found for this route or date range. Cost rise looks unexplained and worth a human review.
Mumbai-Pune,2024-12-09,3.428173097598024,+0.3% vs this route's past average,+6.4% vs similar-length routes this week,Yes,,No matching note found for this route or date range. Cost rise looks unexplained and worth a human review.
Mumbai-Pune,2024-12-16,3.54694667015038,+3.5% vs this route's past average,+15.3% vs similar-length routes this week,Yes,,No matching note found for this route or date range. Cost rise looks unexplained and worth a human review.
Mumbai-Pune,2024-12-23,3.506811493656316,+1.5% vs this route's past average,+12.7% vs similar-length routes this week,Yes,,No matching note found for this route or date range. Cost rise looks unexplained and worth a human review.
Mumbai-Pune,2024-12-30,3.4030431353329917,-1.5% vs this route's past average,+5.7% vs similar-length routes this week,No Anomaly,,Cost parameters operate within normal variance boundaries.
Mumbai-Pune,2025-01-06,3.498004118085469,+1.3% vs this route's past average,+10.4% vs similar-length routes this week,Yes,,No matching note found for this route or date range. Cost rise looks unexplained and worth a human review.
Mumbai-Pune,2025-01-13,3.52824798657291,+2.0% vs this route's past average,+15.8% vs similar-length routes this week,Yes,,No matching note found for this route or date range. Cost rise looks unexplained and worth a human review.
Mumbai-Pune,2025-01-20,3.5041696201885406,+0.9% vs this route's past average,+14.4% vs similar-length routes this week,Yes,,No matching note found for this route or date range. Cost rise looks unexplained and worth a human review.
Mumbai-Pune,2025-01-27,3.3862532527526548,-2.7% vs this route's past average,+7.7% vs similar-length routes this week,No Anomaly,,Cost parameters operate within normal variance boundaries.
Mumbai-Pune,2025-02-03,3.3323631936996736,-4.1% vs this route's past average,+10.5% vs similar-length routes this week,No Anomaly,,Cost parameters operate within normal variance boundaries.
Mumbai-Pune,2025-02-10,3.387743897089414,-2.2% vs this route's past average,+13.3% vs similar-length routes this week,No Anomaly,,Cost parameters operate within normal variance boundaries.
Mumbai-Pune,2025-02-17,3.4085110589266203,-1.0% vs this route's past average,+10.1% vs similar-length routes this week,No Anomaly,,Cost parameters operate within normal variance boundaries.
Mumbai-Pune,2025-02-24,3.410400818229306,-0.6% vs this route's past average,+10.6% vs similar-length routes this week,No Anomaly,,Cost parameters operate within normal variance boundaries.
Mumbai-Pune,2025-03-03,3.500060963395835,+2.0% vs this route's past average,+8.7% vs similar-length routes this week,Yes,,No matching note found for this route or date range. Cost rise looks unexplained and worth a human review.
Mumbai-Pune,2025-03-10,3.515234273355121,+2.4% vs this route's past average,+10.4% vs similar-length routes this week,Yes,,No matching note found for this route or date range. Cost rise looks unexplained and worth a human review.
Mumbai-Pune,2025-03-17,3.3903911712024035,-1.2% vs this route's past average,+10.1% vs similar-length routes this week,No Anomaly,,Cost parameters operate within normal variance boundaries.
Mumbai-Pune,2025-03-24,3.346795563408874,-2.0% vs this route's past average,+6.6% vs similar-length routes this week,No Anomaly,,Cost parameters operate within normal variance boundaries.
Mumbai-Pune,2025-03-31,3.232238210792435,-5.3% vs this route's past average,+5.8% vs similar-length routes this week,No Anomaly,,Cost parameters operate within normal variance boundaries.
Mumbai-Pune,2025-04-07,3.526217988209544,+3.7% vs this route's past average,+10.6% vs similar-length routes this week,Yes,,No matching note found for this route or date range. Cost rise looks unexplained and worth a human review.
Mumbai-Pune,2025-04-14,3.399352480829376,-0.5% vs this route's past average,+13.5% vs similar-length routes this week,No Anomaly,,Cost parameters operate within normal variance boundaries.
Mumbai-Pune,2025-04-21,3.293837437297759,-3.6% vs this route's past average,+7.2% vs similar-length routes this week,No Anomaly,,Cost parameters operate within normal variance boundaries.
Mumbai-Pune,2025-04-28,3.414781161285405,+0.4% vs this route's past average,+12.6% vs similar-length routes this week,Yes,,No matching note found for this route or date range. Cost rise looks unexplained and worth a human review.
Mumbai-Pune,2025-05-05,3.614807290784944,+6.6% vs this route's past average,+8.8% vs similar-length routes this week,Yes,,No matching note found for this route or date range. Cost rise looks unexplained and worth a human review.
Mumbai-Pune,2025-05-12,3.59340162865612,+5.6% vs this route's past average,+12.8% vs similar-length routes this week,Yes,,No matching note found for this route or date range. Cost rise looks unexplained and worth a human review.
Mumbai-Pune,2025-05-19,3.473754965104235,+1.3% vs this route's past average,+4.5% vs similar-length routes this week,Yes,,No matching note found for this route or date range. Cost rise looks unexplained and worth a human review.
Mumbai-Pune,2025-05-26,3.4776225769669327,+1.0% vs this route's past average,+6.0% vs similar-length routes this week,Yes,,No matching note found for this route or date range. Cost rise looks unexplained and worth a human review.
Mumbai-Pune,2025-06-02,3.571244813860265,+2.8% vs this route's past average,+13.6% vs similar-length routes this week,Yes,,No matching note found for this route or date range. Cost rise looks unexplained and worth a human review.
Mumbai-Pune,2025-06-09,3.474484348038549,-0.2% vs this route's past average,+6.0% vs similar-length routes this week,No Anomaly,,Cost parameters operate within normal variance boundaries.
Mumbai-Pune,2025-06-16,3.719532265276978,+6.6% vs this route's past average,+13.0% vs similar-length routes this week,Yes,,No matching note found for this route or date range. Cost rise looks unexplained and worth a human review.
Mumbai-Pune,2025-06-23,3.762226915526251,+6.2% vs this route's past average,+20.6% vs similar-length routes this week,Yes,,No matching note found for this route or date range. Cost rise looks unexplained and worth a human review.
Mumbai-Pune,2025-06-30,3.544290194316084,-1.2% vs this route's past average,+6.3% vs similar-length routes this week,No Anomaly,,Cost parameters operate within normal variance boundaries.
Mumbai-Pune,2025-07-07,3.63991612194976,+1.8% vs this route's past average,+12.7% vs similar-length routes this week,Yes,,No matching note found for this route or date range. Cost rise looks unexplained and worth a human review.
Mumbai-Pune,2025-07-14,3.591668966570678,+0.2% vs this route's past average,+5.9% vs similar-length routes this week,Yes,,No matching note found for this route or date range. Cost rise looks unexplained and worth a human review.
Mumbai-Pune,2025-07-21,3.527635080988204,-1.9% vs this route's past average,+10.0% vs similar-length routes this week,No Anomaly,,Cost parameters operate within normal variance boundaries.
Mumbai-Pune,2025-07-28,3.563538464323174,-1.1% vs this route's past average,+6.8% vs similar-length routes this week,No Anomaly,,Cost parameters operate within normal variance boundaries.
Mumbai-Pune,2025-08-04,3.725071824316962,+3.4% vs this route's past average,+11.6% vs similar-length routes this week,Yes,,No matching note found for this route or date range. Cost rise looks unexplained and worth a human review.
Mumbai-Pune,2025-08-11,3.530658775963705,-2.9% vs this route's past average,+4.7% vs similar-length routes this week,No Anomaly,,Cost parameters operate within normal variance boundaries.
Mumbai-Pune,2025-08-18,3.785222203965166,+4.8% vs this route's past average,+15.5% vs similar-length routes this week,Yes,,No matching note found for this route or date range. Cost rise looks unexplained and worth a human review.
Mumbai-Pune,2025-08-25,3.631825015255676,+0.5% vs this route's past average,+12.4% vs similar-length routes this week,Yes,,No matching note found for this route or date range. Cost rise looks unexplained and worth a human review.
Mumbai-Pune,2025-09-01,3.668861447354349,+1.2% vs this route's past average,+6.3% vs similar-length routes this week,Yes,,No matching note found for this route or date range. Cost rise looks unexplained and worth a human review.
Mumbai-Pune,2025-09-08,3.717366853281151,+2.5% vs this route's past average,+14.4% vs similar-length routes this week,Yes,,No matching note found for this route or date range. Cost rise looks unexplained and worth a human review.
Mumbai-Pune,2025-09-15,3.980809988861693,+9.2% vs this route's past average,+23.6% vs similar-length routes this week,Yes,,No matching note found for this route or date range. Cost rise looks unexplained and worth a human review.
Mumbai-Pune,2025-09-22,3.796873032093908,+2.6% vs this route's past average,+18.2% vs similar-length routes this week,Yes,,No matching note found for this route or date range. Cost rise looks unexplained and worth a human review.
Mumbai-Pune,2025-09-29,3.8206351798426255,+2.4% vs this route's past average,+11.2% vs similar-length routes this week,Yes,,No matching note found for this route or date range. Cost rise looks unexplained and worth a human review.
Mumbai-Pune,2025-10-06,3.941933793159432,+5.4% vs this route's past average,+22.9% vs similar-length routes this week,Yes,,No matching note found for this route or date range. Cost rise looks unexplained and worth a human review.
Mumbai-Pune,2025-10-13,3.865549212043615,+1.9% vs this route's past average,+17.0% vs similar-length routes this week,Yes,,No matching note found for this route or date range. Cost rise looks unexplained and worth a human review.
Mumbai-Pune,2025-10-20,4.095333723524663,+7.7% vs this route's past average,+24.8% vs similar-length routes this week,Yes,,No matching note found for this route or date range. Cost rise looks unexplained and worth a human review.
Mumbai-Pune,2025-10-27,4.073233796244364,+5.5% vs this route's past average,+28.3% vs similar-length routes this week,Yes,,No matching note found for this route or date range. Cost rise looks unexplained and worth a human review.
Mumbai-Pune,2025-11-03,4.199374723893024,+7.4% vs this route's past average,+24.1% vs similar-length routes this week,Yes,,No matching note found for this route or date range. Cost rise looks unexplained and worth a human review.
Mumbai-Pune,2025-11-10,3.9680310840963298,-0.1% vs this route's past average,+21.4% vs similar-length routes this week,No Anomaly,,Cost parameters operate within normal variance boundaries.
Mumbai-Pune,2025-11-17,4.322076630701151,+8.9% vs this route's past average,+31.6% vs similar-length routes this week,Yes,,No matching note found for this route or date range. Cost rise looks unexplained and worth a human review.
Mumbai-Pune,2025-11-24,4.15642174319512,+3.0% vs this route's past average,+23.0% vs similar-length routes this week,Yes,,No matching note found for this route or date range. Cost rise looks unexplained and worth a human review.
Mumbai-Pune,2025-12-01,4.39279820396953,+7.7% vs this route's past average,+37.4% vs similar-length routes this week,Yes,,No matching note found for this route or date range. Cost rise looks unexplained and worth a human review.
Mumbai-Pune,2025-12-08,4.43194078435407,+7.2% vs this route's past average,+38.8% vs similar-length routes this week,Yes,,No matching note found for this route or date range. Cost rise looks unexplained and worth a human review.
Mumbai-Pune,2025-12-15,4.388091164267901,+4.4% vs this route's past average,+35.5% vs similar-length routes this week,Yes,,No matching note found for this route or date range. Cost rise looks unexplained and worth a human review.
Mumbai-Pune,2025-12-22,4.485336320121254,+5.7% vs this route's past average,+38.9% vs similar-length routes this week,Yes,,No matching note found for this route or date range. Cost rise looks unexplained and worth a human review.
